step,test_acc,mask_ratio,pl_quality,reinforcement_ratio,corrections_ratio,time_elapsed
0,0.1012,0.0,0.0,,,44.8129997253418
500,0.3454,0.10830427572795587,0.14974874371859295,,,92.76979994773865
1000,0.3683,0.28932509356737135,0.29511557788944726,1.1894337419731464,1.7807486631016043,137.79512929916382
1500,0.3986,0.3306481478214264,0.3555577889447236,1.069128942637686,1.5466351829988194,185.12236261367798
2000,0.4151,0.36142290610074995,0.3911356783919598,1.0593732029902243,1.4485738980121003,232.49759674072266
2500,0.4295,0.3717816721200943,0.4164422110552764,1.158677447300029,1.5042158516020236,281.51452708244324
3000,0.441,0.39985188442468644,0.4335276381909548,1.1323720446869316,1.334384858044164,329.6545639038086
3500,0.4433,0.4108677131831646,0.44830150753768844,1.2034188034188034,1.3031802120141343,377.59821248054504
4000,0.444,0.42469360715150833,0.46737688442211056,1.2878464818763327,1.5420014609203798,425.3690814971924
4500,0.4876,0.4539152002334595,0.4890854271356784,1.3464,1.6118598382749325,473.30526971817017
5000,0.473,0.4631919862627983,0.5037386934673367,1.397264059693243,1.3769183548189072,521.3075790405273
5500,0.4979,0.46992088270187377,0.5126834170854271,1.5391536623084494,1.229179331306991,569.1402990818024
6000,0.5178,0.4958563551902771,0.5266532663316583,1.5401853645040808,1.3927051671732522,616.721330165863
6500,0.5194,0.506999212026596,0.5400201005025126,1.6174083403302546,1.3670368205727645,664.2611274719238
7000,0.54,0.5134541645050049,0.5532462311557789,1.692950843304022,1.3810957254665863,711.8337771892548
7500,0.5448,0.5418052207827568,0.5674572864321608,1.8281204326220404,1.4180278281911676,759.3363289833069
8000,0.556,0.5412845217585563,0.5751758793969849,1.8567343867569601,1.2114285714285715,806.9897429943085
8500,0.5707,0.5472983202934265,0.5894874371859297,1.8964439815503644,1.4218181818181819,854.3850312232971
9000,0.5824,0.5859639045596122,0.6021507537688442,2.121342117358664,1.3713942307692308,901.8013696670532
9500,0.5921,0.5859801395535469,0.6106934673366834,2.06203125,1.2319559228650139,949.391713142395
10000,0.594,0.5805211287140847,0.6187939698492463,2.1750123946455133,1.209915611814346,996.7212092876434
10500,0.5918,0.5884411779046058,0.6265125628140703,2.29761316872428,1.2026455026455027,1044.1236867904663
11000,0.6026,0.6077094415426254,0.6353768844221106,2.3230942425217114,1.235864297253635,1091.272875070572
11500,0.622,0.592176162302494,0.6406633165829145,2.476861550180918,1.1435616438356164,1139.1774761676788
12000,0.6297,0.6123746178150177,0.6482613065326633,2.533255929673246,1.2162471395881007,1186.8230967521667
12500,0.6338,0.6053019743561745,0.6485226130653267,2.410352187833511,1.0064870259481038,1234.394207239151
13000,0.6282,0.6099314378499985,0.6474773869346734,2.4756335282651074,0.9748815165876777,1281.9621908664703
13500,0.6516,0.6297613905668259,0.6613266331658292,2.6732778466442357,1.420891875381796,1329.2267928123474
14000,0.6342,0.6376067644953728,0.6693467336683417,2.7512962631861253,1.227480045610034,1375.7360138893127
14500,0.6521,0.629237851023674,0.668180904522613,2.659280303030303,0.971638141809291,1422.2816083431244
15000,0.6518,0.6382662608623505,0.6827336683417086,3.0147286821705426,1.47043534762833,1469.0539689064026
15500,0.6126,0.6455600928068161,0.6833768844221105,2.9188502150958153,1.0179071068830443,1515.8210413455963
16000,0.67,0.6377804645299912,0.6879195979899497,3.0862730061349692,1.1334908446544596,1562.4143805503845
16500,0.6621,0.640944020152092,0.6918793969849246,3.2126904612815697,1.1245259165613148,1609.177733182907
17000,0.6625,0.6513648824691772,0.6904924623115578,2.7856453791240594,0.9640625,1655.855750322342
17500,0.6727,0.6552342010736465,0.6923417085427136,3.1752161383285302,1.0523321956769056,1702.3292965888977
18000,0.6838,0.6545483255982399,0.6993969849246231,3.1008896077638495,1.2304661851608667,1748.868331670761
18500,0.6727,0.6516574964523315,0.7023919597989949,3.093471810089021,1.0880094506792675,1795.7774431705475
19000,0.6739,0.6709939440488816,0.7064120603015075,3.277185501066098,1.1175778953556732,1841.981483221054
19500,0.6444,0.6574513258337975,0.7055879396984924,3.1312604340567614,0.974969474969475,1888.6316010951996
20000,0.6774,0.6683746240139008,0.7074170854271357,3.3779464642429087,1.0547112462006079,1935.331514120102
20500,0.5725,0.6610296566486359,0.7109748743718592,3.50786129657549,1.1140463917525774,1981.816073179245
21000,0.6835,0.6639858245849609,0.7138894472361809,3.358721304441107,1.095772787318362,2028.2427470684052
21500,0.7044,0.6815178899765014,0.7169447236180905,3.472321616501789,1.0980645161290323,2074.965129852295
22000,0.699,0.6773661022186279,0.721286432160804,3.39375409478052,1.1426684280052841,2121.3753294944763
22500,0.7056,0.6874610718488693,0.7247839195979899,3.4638516992790938,1.1129136924075276,2168.048853158951
23000,0.6697,0.6602151273488999,0.7204824120603015,3.445319740500463,0.8867724867724868,2214.5346059799194
23500,0.6882,0.6751944310665131,0.7233366834170855,3.8279257104497653,1.0833822665883734,2261.4023098945618
24000,0.6873,0.6746850960254669,0.7295477386934673,3.705049120402102,1.2020928711576193,2307.7120888233185
24500,0.707,0.6859346915483475,0.7263316582914573,3.678638941398866,0.9110617009449694,2354.270648956299
25000,0.7117,0.6860235723257064,0.7234170854271357,3.436186684361867,0.9208515283842795,2401.0174593925476
25500,0.7034,0.6787731642723084,0.7206633165829146,3.5809995691512277,0.923335198656967,2447.501069545746
26000,0.682,0.666204980134964,0.7210452261306532,3.4600461893764436,1.0111962286387743,2494.1811034679413
26500,0.6869,0.6771944301128388,0.7249849246231156,3.6671812968681077,1.1225766103814885,2540.6823251247406
27000,0.6478,0.6712191873788833,0.7282010050251256,3.692551505546751,1.107095046854083,2587.7876517772675
27500,0.7201,0.6807666728496552,0.7333668341708542,3.828493025383032,1.181241184767278,2634.2947614192963
28000,0.6463,0.6879310387372971,0.7315979899497488,3.709770754507011,0.9461114513165952,2680.8710474967957
28500,0.7217,0.6899748699665069,0.7366231155778894,3.9584845735027225,1.1690331304935768,2727.515370130539
29000,0.7215,0.6979253575205803,0.7348140703517588,3.766696955929123,0.9431459254579911,2774.1597731113434
29500,0.7146,0.6765978389978409,0.7374271356783919,3.901974951830443,1.0863787375415281,2820.7704799175262
30000,0.7239,0.6838466240167618,0.7384924623115577,3.8825471698113208,1.0332914572864322,2867.472978115082
30500,0.6898,0.7043291711807251,0.738894472361809,3.612783595113438,1.0120264582080578,2914.0671327114105
31000,0.7119,0.6920970313549042,0.7455477386934674,4.195501316104331,1.2221476510067113,2961.0513231754303
31500,0.6931,0.6914647234678268,0.7433768844221106,3.898424641429579,0.9368051492100644,3007.9238200187683
32000,0.7231,0.6977269003391265,0.7453668341708543,3.758905402217504,1.0617592014971928,3055.84393119812
32500,0.7059,0.6957204077243805,0.7448844221105527,4.203907203907204,0.9849529780564263,3102.204154253006
33000,0.7333,0.707138020515442,0.7489648241206031,4.046875,1.1406791406791408,3148.6710715293884
33500,0.7073,0.6962171598672867,0.7505929648241206,4.295371050698016,1.0534653465346535,3195.7912616729736
34000,0.7127,0.6893847720623016,0.7456482412060301,3.7851962990747685,0.8593481989708405,3242.5847470760345
34500,0.7037,0.6934687833786011,0.7515175879396985,4.528325123152709,1.1912246234446628,3289.052788257599
35000,0.7296,0.7079079077243805,0.7508341708542714,3.9954804947668885,0.9789603960396039,3335.6912126541138
35500,0.7184,0.6990227592587471,0.7520804020100502,3.9676758479399044,1.040338321405335,3381.955547809601
36000,0.731,0.714579579114914,0.7575477386934674,4.389354361754559,1.1861738535249828,3428.8268525600433
36500,0.7342,0.7061027126312256,0.7548341708542714,4.245321193727871,0.9157303370786517,3475.4380445480347
37000,0.6994,0.6710122054815293,0.7465527638190955,4.052086032650946,0.7772972972972974,3522.1472074985504
37500,0.7302,0.6929131805896759,0.7517788944723618,4.193918245264207,1.1748486886348353,3568.7151486873627
38000,0.7315,0.686778035402298,0.7507537688442211,4.165946205571566,0.9680851063829787,3615.4449479579926
38500,0.7322,0.689502872467041,0.7504321608040201,4.327195819855685,0.9893617021276596,3661.859471797943
39000,0.6885,0.6996221930980683,0.7491055276381909,4.095932283094286,0.9583596214511041,3708.5349793434143
39500,0.7257,0.7077975183725357,0.7558994974874372,4.3037073410262705,1.2426417803302225,3754.8020853996277
40000,0.724,0.7119322564601899,0.7595175879396985,4.017039922103213,1.1237113402061856,3801.425273656845
40500,0.7344,0.698206201672554,0.7558994974874372,4.512874408828166,0.8860759493670886,3848.039878129959
41000,0.7063,0.7138222745656967,0.7555577889447236,4.287583254043768,0.9892063492063492,3894.5073850154877
41500,0.7166,0.6874939448237419,0.7514974874371859,3.9958996623251326,0.8801186943620178,3941.0220046043396
42000,0.7233,0.6921976795196533,0.7598190954773869,4.851017639077341,1.3285714285714285,3987.215164422989
42500,0.7241,0.7184606667757034,0.759859296482412,4.097785518785767,1.0013888888888889,4033.5067732334137
43000,0.7398,0.6929294151067734,0.7586733668341709,4.649623669867635,0.9603227975790182,4080.0252668857574
43500,0.7462,0.697966752409935,0.7622914572864321,4.586397058823529,1.127659574468085,4126.995364665985
44000,0.7382,0.7039062813520431,0.7588743718592965,3.9107458912768647,0.8997641509433962,4173.488523244858
44500,0.7309,0.7064545783400535,0.762854271356784,4.793822393822394,1.1362697866483138,4219.699275255203
45000,0.7578,0.6910714620351791,0.7616281407035176,4.410195456946646,0.9590878604963112,4266.139248609543
45500,0.7377,0.7209367228746414,0.7661306532663317,4.661226508407517,1.1666666666666667,4312.5653557777405
46000,0.7369,0.723304417848587,0.7660904522613066,4.153171220857358,0.9985724482512491,4358.789502382278
46500,0.6887,0.7092195955514908,0.766854271356784,4.676791277258567,1.0258152173913044,4405.169205904007
47000,0.7304,0.7010653748512268,0.7635175879396985,4.319310164619806,0.8946031746031746,4451.875210046768
47500,0.7327,0.7111863165497779,0.7696281407035176,4.853824066823284,1.205128205128205,4498.332257032394
48000,0.74,0.711138020336628,0.7635778894472361,4.0096544715447155,0.8282943525385055,4544.986687660217
48500,0.764,0.725075520992279,0.7732261306532663,5.316269096756901,1.3741231488698362,4591.612185239792
49000,0.7592,0.7169829893112183,0.7704924623115578,4.587414428646656,0.9065934065934066,4638.076122522354
49500,0.7517,0.7050714622735977,0.7704522613065327,4.625,0.9985974754558204,4684.482706069946
50000,0.7205,0.7041790105104446,0.7695075376884422,4.395239413230002,0.9698524695317511,4731.08411192894
50500,0.7356,0.7042674843072891,0.7691859296482412,4.961937716262976,0.9895561357702349,4777.697513580322
51000,0.7529,0.720963507771492,0.7699497487437186,4.551845342706502,1.025938566552901,4824.067487716675
51500,0.7475,0.7025276297330856,0.7675979899497487,4.508155930329002,0.9195876288659793,4870.426234483719
52000,0.7391,0.7193011705875396,0.7707336683417085,4.857532886572351,1.1150442477876106,4916.879463672638
52500,0.7499,0.7103141579627991,0.7695678391959799,4.191732390535763,0.9605978260869565,4963.462684869766
53000,0.7151,0.7229176470041275,0.7746331658291458,5.011254019292605,1.1917808219178083,5009.831144571304
53500,0.7473,0.71037138068676,0.7712562814070352,4.484303729541186,0.8878504672897196,5056.6703135967255
54000,0.6838,0.7286777933835983,0.775175879396985,5.009816259753335,1.1349480968858132,5102.976911306381
54500,0.7474,0.7051059577465058,0.7690653266331658,4.588689655172414,0.8197984588026082,5149.486404657364
55000,0.681,0.705743133187294,0.767859296482412,4.590909090909091,0.9611147116007777,5196.127486228943
55500,0.7554,0.710601087808609,0.7664924623115578,4.916473914160884,0.9564660691421255,5242.554529428482
56000,0.7319,0.7126964616775513,0.7703115577889448,4.522475027746948,1.1506740681998413,5289.091820478439
56500,0.7584,0.7219367215633392,0.7737085427135678,5.012464294988315,1.1313131313131313,5335.384129524231
57000,0.7446,0.7279310405254364,0.7776884422110553,4.486441151803187,1.1512605042016806,5383.071576118469
57500,0.7671,0.7080633442401886,0.7744120603015076,5.154584221748401,0.8939492517891997,5429.451225042343
58000,0.7451,0.711618133187294,0.7714572864321608,4.532335649385355,0.9097605893186004,5475.983852148056
58500,0.7445,0.7269679710865021,0.7795979899497487,5.025500411296957,1.3084539223153084,5522.564567327499
59000,0.7593,0.7209245475530625,0.7784321608040201,4.880266075388026,0.96,5568.9241771698
59500,0.7368,0.7153713802099227,0.7777487437185929,4.656188605108055,0.9777486910994765,5615.169687747955
60000,0.7525,0.7289371274113655,0.78078391959799,5.442794279427943,1.112686567164179,5662.022562503815
60500,0.6786,0.7065844485759735,0.777105527638191,4.579726982282893,0.8811688311688312,5708.650124073029
61000,0.7641,0.7014103395938873,0.7769849246231155,5.413763806287171,0.9958620689655172,5755.2432560920715
61500,0.749,0.6997346098423004,0.7718391959798995,4.338677354709419,0.8462462462462462,5801.874929904938
62000,0.7646,0.7241169168949128,0.7830753768844221,5.684672333424732,1.483982683982684,5848.368793010712
62500,0.7025,0.7186871275901795,0.7821708542713568,4.68538374717833,0.9678111587982833,5894.86342048645
63000,0.7659,0.717584855556488,0.7845427135678392,5.444157335630204,1.083274523641496,5941.409493923187
63500,0.7434,0.7218815271854401,0.7870552763819095,5.4059953434225845,1.0950570342205324,5988.438084363937
64000,0.7681,0.7266380203962326,0.7876783919597989,4.830352152040246,1.0223988439306357,6034.938832521439
64500,0.7713,0.7249813642501831,0.7869547738693468,5.234885739080127,0.9736456808199122,6081.250764846802
65000,0.7642,0.7247062023878098,0.7886231155778894,5.29044661342798,1.0680885972108285,6128.179803133011
65500,0.7464,0.6967277100086212,0.7839396984924624,5.4581929555895865,0.8507367072389493,6174.427453279495
66000,0.7534,0.7218900490999222,0.7869346733668342,5.495137046861185,1.1065046461758399,6220.788680553436
66500,0.7529,0.7137894009351731,0.7846633165829145,5.037654498419086,0.9234417344173442,6267.480534076691
67000,0.7456,0.727157095193863,0.7850050251256281,5.4220079410096425,1.0122655122655122,6314.0290014743805
67500,0.7594,0.7206883454322814,0.7856884422110553,5.034668940039784,1.0257966616084977,6360.452676773071
68000,0.767,0.7017488148212433,0.7841407035175879,5.2145328719723185,0.9445244956772334,6406.397698402405
68500,0.749,0.7405507646799088,0.7897688442211055,5.210290827740492,1.237087214225233,6453.161265850067
69000,0.7289,0.7236096107959747,0.7885829145728643,4.821587867975023,0.9578270192994996,6499.499922990799
69500,0.7568,0.7146964622735977,0.7850251256281408,5.5807962529274,0.8846153846153846,6545.836690187454
70000,0.7659,0.7384241418838501,0.78956783919598,5.08,1.1779527559055119,6593.200726032257
70500,0.7167,0.7335775499343872,0.7895879396984925,5.287406123627961,1.0007535795026374,6639.528548240662
71000,0.7725,0.7085235717296601,0.7826331658291458,5.4062683069712945,0.7850931677018633,6688.079630613327
71500,0.7559,0.7413685395717621,0.7926231155778894,5.125936199722608,1.4402125775022143,6734.500920295715
72000,0.7792,0.7268900501728058,0.7951356783919598,5.776844070961718,1.10530749789385,6780.940061330795
72500,0.7212,0.7262244644165039,0.7862110552763819,4.487770193401593,0.7330126277811184,6827.168356895447
73000,0.757,0.7237796581983567,0.7895879396984925,5.6968713105076745,1.1262208865514651,6873.673722028732
73500,0.7202,0.7387362360954285,0.791035175879397,5.282921219091432,1.0527086383601756,6920.282861948013
74000,0.7611,0.727448492705822,0.7909748743718593,5.0891255605381165,0.9978617248752673,6966.562862634659
74500,0.7568,0.7256055518388748,0.788,4.959833382921749,0.903708523096942,7013.033635854721
75000,0.7528,0.7099809589385986,0.7815276381909547,5.413196480938416,0.8098050797401063,7059.503452062607
75500,0.7585,0.7339318529367447,0.7853065326633166,5.213726019994596,1.1340941512125535,7106.091139793396
76000,0.7736,0.7279440268278122,0.7895879396984925,5.596469872185027,1.1629686304514155,7152.427736759186
76500,0.7231,0.7402963005304336,0.7965025125628141,5.200942840306423,1.2942686056458512,7198.765105009079
77000,0.7534,0.732939969420433,0.7953366834170854,5.626848018923714,0.9579710144927536,7245.281896114349
77500,0.7695,0.7097240588665008,0.7932060301507537,5.827950111928366,0.9242857142857143,7291.919078588486
78000,0.7782,0.7372691081166267,0.795859296482412,5.313137197786193,1.107843137254902,7337.771194219589
78500,0.7717,0.7251984916329384,0.7932663316582914,5.272238805970149,0.9088983050847458,7384.34534907341
79000,0.7516,0.7341221921443939,0.79278391959799,5.169271601297552,0.9825072886297376,7430.632024049759
79500,0.7713,0.7408153750896453,0.797788944723618,5.842215568862276,1.2088926174496644,7476.841628074646
80000,0.7762,0.7314842059612274,0.7954170854271356,5.447569550596148,0.9141193595342066,7523.327064990997
80500,0.7676,0.7101692692041397,0.7921206030150754,5.639324116743472,0.8925294888597641,7569.525666475296
81000,0.7682,0.7301031181812286,0.7918391959798995,5.540786384976526,0.990358126721763,7615.803121328354
81500,0.7445,0.7258494644165039,0.791497487437186,5.094665433240826,0.9889033942558747,7662.039810657501
82000,0.72,0.7042232474088669,0.7905125628140703,5.943338437978561,0.9659248956884562,7708.350447177887
82500,0.762,0.7208133451938629,0.7909547738693468,5.438808611029195,1.0164301717699775,7754.719617605209
83000,0.64,0.7195292539596557,0.7892663316582914,5.496682750301568,0.9435483870967742,7801.204901218414
83500,0.7734,0.710511802315712,0.7882211055276382,5.308325978228891,0.9651006711409396,7847.591675043106
84000,0.7839,0.7165130195617676,0.7908743718592964,5.664765525982256,1.0985810306198656,7893.813062429428
84500,0.7671,0.7371457316875458,0.7950753768844221,5.268814139110605,1.1711711711711712,7940.15145945549
85000,0.7503,0.7101465442180633,0.7876381909547738,5.030934343434343,0.7781774580335732,7986.350694894791
85500,0.7779,0.7315775502920151,0.7969849246231155,6.235206216377764,1.3937341236240475,8032.741163492203
86000,0.7857,0.7342727613449097,0.7986130653266331,5.6875194522253345,1.06738768718802,8078.86497426033
86500,0.7222,0.7240085574388504,0.7953165829145729,5.162967467315293,0.8836053938963804,8125.079416275024
87000,0.7759,0.7415958120822906,0.7989547738693468,5.719497240956469,1.1471544715447155,8171.617852449417
87500,0.7558,0.7114610706567764,0.7917989949748744,5.3963636363636365,0.7670157068062827,8217.927793264389
88000,0.756,0.7095519820451737,0.7896080402010051,5.805920048825145,0.9214131218457101,8263.728055715561
88500,0.7737,0.7380885074734688,0.7959597989949748,5.424523007856341,1.2740676496097139,8310.121175527573
89000,0.7849,0.7480422407388687,0.7990954773869346,5.524367674275139,1.1345987920621226,8356.498910427094
89500,0.7303,0.7349984096288681,0.7944120603015076,5.34376881396749,0.8418194161575017,8402.712446928024
90000,0.7782,0.7317833135724068,0.7944321608040201,5.316234334013407,1.0006631299734747,8449.447637319565
90500,0.7721,0.7289748721122742,0.7970452261306533,6.031941031941032,1.099388379204893,8495.712829351425
91000,0.7783,0.7256546596288681,0.7948743718592964,5.4753445635528335,0.9210526315789473,8542.133160352707
91500,0.7711,0.7280734901428223,0.7961005025125628,5.391199517781796,1.0453869047619047,8588.398408651352
92000,0.7765,0.7395016570091247,0.7994371859296482,5.618822136726842,1.1424892703862661,8634.960982084274
92500,0.7725,0.7381368036866188,0.7998190954773869,5.315253221456398,1.014937106918239,8681.099839925766
93000,0.7455,0.7336859105825424,0.7996180904522613,5.545010680500457,0.992867332382311,8727.413753032684
93500,0.7748,0.7220954077243805,0.7947939698492462,5.486674742580254,0.8446601941747572,8774.066383361816
94000,0.76,0.728541023850441,0.796321608040201,5.507427905621905,1.055393586005831,8820.236399650574
94500,0.767,0.7423612350225448,0.8017085427135678,6.150600554357869,1.2273112807463953,8866.595929384232
95000,0.7354,0.7451294984221458,0.8081206030150754,5.649744463373083,1.2845673505798394,8912.771617174149
95500,0.7674,0.7181798226833344,0.8003417085427136,5.8338741077222585,0.7485380116959064,8959.343366384506
96000,0.7793,0.7324115597009658,0.803035175879397,6.28346709470305,1.1038759689922482,9005.62025809288
96500,0.7728,0.7300243852138519,0.8018492462311558,5.575252825698989,0.9541925465838509,9051.97589969635
97000,0.718,0.7269249519109726,0.7946733668341709,4.886181277860327,0.7754716981132076,9098.838375329971
97500,0.7872,0.739598249554634,0.8058492462311557,6.479742765273312,1.5138632162661738,9144.893941879272
98000,0.7059,0.7406782003641128,0.8050854271356784,5.910990009082652,0.9686209744013212,9191.642444133759
98500,0.7985,0.729970813035965,0.808643216080402,6.188247352237786,1.1626838235294117,9238.569316387177
99000,0.7977,0.7436481671333313,0.8078994974874372,5.77105184297273,0.9688289806234204,9284.805388450623
99500,0.7782,0.7509521439075469,0.806251256281407,5.5691890262285195,0.9367283950617284,9331.091317892075
100000,0.7608,0.7314549849033356,0.8013266331658292,5.753197372969236,0.8360107095046854,9377.747658252716
100500,0.7929,0.7212995463609695,0.8014472361809045,6.301098901098901,1.0043290043290043,9424.091356992722
101000,0.7756,0.741929417848587,0.8023517587939698,5.593855606758833,1.0343773873185638,9470.481969118118
101500,0.7776,0.742126657128334,0.8033768844221105,5.777595269382392,1.0395348837209302,9517.009123325348
102000,0.782,0.7480028729438781,0.8087638190954773,6.3352850539291214,1.2248322147651007,9563.46728682518
102500,0.7857,0.7495203268527985,0.808321608040201,5.7957901350926795,0.981418918918919,9609.961307764053
103000,0.787,0.7424042531251908,0.808,6.287597161203109,0.9867659222497932,9655.746748447418
103500,0.7598,0.7619594490528107,0.8118793969849246,5.582080577269994,1.174187725631769,9702.11742401123
104000,0.7822,0.734369351029396,0.8085226130653266,6.589786946229286,0.8800287356321839,9748.250717639923
104500,0.6883,0.7550755221843719,0.8112763819095478,5.739434381951065,1.1122031122031122,9794.544377326965
105000,0.7799,0.7382200009822846,0.8114572864321608,6.377075871051774,1.0081154192966637,9840.624693155289
105500,0.8013,0.7390954072475433,0.8097889447236181,5.737597911227154,0.9327935222672065,9886.968267202377
106000,0.7906,0.7425872906446457,0.8122211055276382,6.704545454545454,1.0989370400654128,9933.11304283142
106500,0.7691,0.7491323391199112,0.8114572864321608,5.71437908496732,0.9710144927536232,9979.510267019272
107000,0.7908,0.7386818515062332,0.8066934673366835,5.968197879858657,0.8317955997161107,10025.765129804611
107500,0.7808,0.7270560395717621,0.8060703517587939,6.0119354838709675,0.9770710059171598,10072.28988623619
108000,0.7737,0.7476501965522766,0.8100301507537688,6.271732131358661,1.1605541972290139,10118.456165790558
108500,0.7643,0.7316579065322876,0.8084824120603015,5.901547579848534,0.9417549167927383,10164.825050830841
109000,0.7813,0.7511737357378006,0.8113969849246231,6.366130558183539,1.1197357555739058,10211.52375459671
109500,0.7944,0.7510787677764893,0.8107939698492462,5.890075376884422,0.9770290964777948,10258.006954908371
110000,0.7353,0.7523027929067612,0.811819095477387,5.710387902695595,1.0391104294478528,10306.387546539307
110500,0.7777,0.7400787689685822,0.808180904522613,6.240384615384615,0.875515818431912,10352.574986457825
111000,0.7552,0.7490726810693741,0.8116180904522613,6.478330658105939,1.1338028169014085,10398.969176054
111500,0.7698,0.7462094495296479,0.8143718592964824,5.913445655764783,1.1236462093862816,10445.39731502533
112000,0.7908,0.7583920792341232,0.8168643216080402,6.873005319148936,1.1136571952337304,10491.654673814774
112500,0.7906,0.7581570955514908,0.8154170854271356,5.759366925064599,0.9405940594059405,10537.859822034836
113000,0.7891,0.7471274683475494,0.8154170854271356,6.027610619469026,1.0,10584.592953205109
113500,0.7837,0.7390008460283279,0.8107336683417086,6.199877375843041,0.8315256688358641,10631.225586175919
114000,0.7924,0.7379099357128144,0.8112763819095478,6.706580366774541,1.0208172706245182,10677.454729795456
114500,0.7806,0.7498685393333435,0.816321608040201,6.351178451178451,1.2161929371231697,10723.80863571167
115000,0.759,0.7294330699443817,0.8076984924623115,5.542914843487042,0.7315394242803505,10770.013154268265
115500,0.7686,0.75165993642807,0.8121206030150754,6.948424068767908,1.1774193548387097,10816.536162853241
116000,0.7872,0.746672518491745,0.8098693467336684,5.78969677208999,0.9162303664921466,10862.74982213974
116500,0.7255,0.7490499514341354,0.8140301507537688,6.5536568694463435,1.171641791044776,10908.762526512146
117000,0.7769,0.738000440120697,0.8127437185929648,5.932459016393443,0.9488817891373802,10955.710367918015
117500,0.7665,0.7385584745407104,0.8116984924623115,6.240356083086054,0.9603960396039604,11001.991914749146
118000,0.7659,0.7292792539596558,0.8067537688442211,6.20117762512267,0.8289290681502086,11047.788507699966
118500,0.743,0.7393652935028077,0.8098693467336684,6.15583109919571,1.1260162601626016,11094.150176763535
119000,0.796,0.7650069315433502,0.8192763819095478,6.5621451104100945,1.4661354581673307,11140.762919425964
119500,0.782,0.7169785236120224,0.8053869346733669,5.551332149200711,0.5920897284533648,11186.86442232132
120000,0.7929,0.7544294167757034,0.8133668341708543,6.810296411856474,1.3596014492753623,11233.893361568451
120500,0.7815,0.7586124534606934,0.8139899497487437,5.665413533834586,1.027433628318584,11281.219677209854
121000,0.7832,0.7557045803070068,0.8126633165829146,6.015394912985275,0.946645109135004,11327.765298843384
121500,0.793,0.7537118849754334,0.8132663316582914,6.196542893725992,1.0244100895036614,11374.18154668808
122000,0.7901,0.7343904564380646,0.8103316582914573,6.074012612014603,0.8908002991772626,11420.450620412827
122500,0.7979,0.7367423218488693,0.807035175879397,6.063987138263665,0.8788774002954209,11466.769667387009
123000,0.7517,0.7487098543643952,0.812,6.108461287161059,1.2170474516695957,11513.035634279251
123500,0.7846,0.7443661053180695,0.8120804020100503,6.306069457968192,1.0033057851239668,11559.6560485363
124000,0.7868,0.7547638334035873,0.8161608040201005,6.22920892494929,1.1730605285592497,11605.759281635284
124500,0.7812,0.731997192144394,0.8069547738693468,5.826653306613227,0.7117684078036501,11652.05374455452
125000,0.7777,0.7555803914070129,0.8136080402010051,6.479768786127168,1.2831479897348161,11698.160786867142
125500,0.793,0.7580637506246567,0.814894472361809,6.1600644122383255,1.0520748576078112,11744.337458610535
126000,0.7847,0.7473064457178116,0.8128442211055277,6.318122977346278,0.9209914794732765,11790.526977777481
126500,0.7792,0.7442918347120285,0.8111959798994974,5.5548661005878515,0.9382530120481928,11836.606811523438
127000,0.7829,0.7419424046278,0.8125628140703518,6.384152139461173,1.050258684405026,11882.912948608398
127500,0.7952,0.745758556008339,0.8127437185929648,6.387140902872777,1.0066568047337279,11929.21434879303
128000,0.7875,0.7256169152259827,0.8056281407035176,5.962245567957978,0.7726396917148363,11975.427811145782
128500,0.7727,0.7511445140838623,0.8133065326633165,6.614882506527415,1.314662273476112,12021.39697599411
129000,0.7994,0.7426055546998978,0.8133668341708543,6.28581173260573,1.002546689303905,12067.801360368729
129500,0.7904,0.748599465250969,0.8106934673366835,5.630989421281892,0.8966588966588966,12113.85521030426
130000,0.7621,0.760142485499382,0.8153165829145729,6.380798969072165,1.207020702070207,12160.668381929398
130500,0.7356,0.7573052278757095,0.8170854271356784,6.392150170648464,1.0707964601769913,12206.545216798782
131000,0.8042,0.7602451635599137,0.8172060301507538,6.11249182472204,1.004720692368214,12252.783497571945
131500,0.7746,0.7487455703020096,0.8175477386934673,6.433084842030529,1.0142140468227425,12298.997503995895
132000,0.796,0.741867322921753,0.8144924623115578,6.561379310344828,0.8906474820143885,12344.993096113205
132500,0.7775,0.7586449201107025,0.818110552763819,6.308940502704423,1.1553062985332183,12391.587962150574
133000,0.7838,0.7550280368328095,0.8138291457286432,5.938263453284913,0.843956043956044,12437.660076618195
133500,0.7958,0.7495840427875519,0.815819095477387,6.357142857142857,1.075113808801214,12484.153344869614
134000,0.7925,0.7619302299022674,0.8199396984924623,6.5153922542204565,1.1752136752136753,12530.229707956314
134500,0.8002,0.7590507645606994,0.8182713567839196,6.655715263518139,0.932520325203252,12576.594552993774
135000,0.7789,0.7321254396438599,0.8160402010050252,5.978305785123967,0.9147465437788018,12622.527372837067
135500,0.8006,0.7404261692762375,0.8162814070351759,6.982741116751269,1.009748172217709,12668.80645275116
136000,0.7885,0.7480134267807007,0.8195577889447236,6.90024162927166,1.1529080675422139,12715.176755666733
136500,0.8016,0.7694955713748932,0.8224723618090453,6.182934712346477,1.138095238095238,12761.303332805634
137000,0.792,0.731763426065445,0.817105527638191,6.167581412367362,0.7978803936411809,12807.787338972092
137500,0.7989,0.7494464621543885,0.8170251256281407,6.571570576540755,0.9967453213995118,12854.001962184906
138000,0.7487,0.7342342056035995,0.8150954773869347,6.297614932595921,0.9301310043668122,12900.292766571045
138500,0.7896,0.7513271429538727,0.8170251256281407,6.706582864703936,1.0744186046511628,12946.352969884872
139000,0.6971,0.7546100175380707,0.8186532663316582,6.423627287853577,1.0691716481639624,12992.936230421066
139500,0.7968,0.7490357483625412,0.8212462311557789,6.627648114901257,1.1172727272727272,13038.964524030685
140000,0.7912,0.7698969494104385,0.823035175879397,6.283070596298835,1.0792520035618878,13085.39952135086
140500,0.7924,0.7326692707538605,0.8140100502512563,6.35803324099723,0.7042160737812911,13131.770405292511
141000,0.7956,0.7387597743272781,0.814110552763819,6.12892561983471,1.0039968025579535,13177.874500513077
141500,0.7887,0.7607260890007019,0.8205628140703518,7.226359143327842,1.3016917293233083,13223.686606645584
142000,0.7821,0.7700682170391083,0.8201005025125628,5.873031825795645,0.9805084745762712,13269.770725011826
142500,0.7837,0.7541648055315018,0.8149145728643216,5.898015058179329,0.8200836820083682,13315.873048305511
143000,0.7811,0.7573567719459534,0.8210050251256281,6.903813122638269,1.2539815590947192,13361.780655145645
143500,0.7996,0.7478307967185974,0.8182713567839196,6.805944055944056,0.8992592592592593,13407.962918519974
144000,0.7999,0.7527451648712158,0.819819095477387,6.214135759272218,1.0620467365028203,13454.298758029938
144500,0.7985,0.7556988973617553,0.8195376884422111,6.822900283107896,0.988255033557047,13500.191330194473
145000,0.8018,0.7640734912157059,0.8219497487437186,6.38623395149786,1.108991825613079,13546.266474246979
145500,0.7812,0.7641079876422882,0.8193366834170854,6.184519921619856,0.8996138996138996,13592.479406833649
146000,0.7967,0.7675304733514786,0.8213266331658291,6.436824324324324,1.086086956521739,13638.838594198227
146500,0.7954,0.739234610915184,0.8139698492462312,6.303040655961736,0.7402413058907026,13685.085997343063
147000,0.7859,0.7508376978635788,0.818110552763819,6.585560569246789,1.1636219221604447,13731.381171703339
147500,0.8055,0.7489521454572677,0.8204623115577889,6.870513722730472,1.0919811320754718,13777.772688627243
148000,0.7984,0.748389237165451,0.8195778894472362,6.499465240641711,0.9662835249042145,13823.704562187195
148500,0.8029,0.7564399684667588,0.8203015075376885,6.390293916609706,1.0290791599353797,13870.204319238663
149000,0.8098,0.7564955693483353,0.8242814070351758,7.295001747640685,1.1941176470588235,13917.964127779007
149500,0.7992,0.7604659426212311,0.824502512562814,6.502177554438861,1.009883198562444,13966.211261749268
150000,0.7885,0.729220407307148,0.8210653266331658,6.694619666048237,0.8623188405797102,14012.680783987045
150500,0.8119,0.7557873713970185,0.8250854271356783,7.075773375043448,1.1994017946161515,14059.368427991867
151000,0.7415,0.7537808783054352,0.8216482412060302,5.819272976680384,0.8565436241610739,14105.460805177689
151500,0.8104,0.7462739781141281,0.8224321608040202,7.254993342210386,1.034914950760967,14151.611308813095
152000,0.8038,0.7620799840688706,0.8243819095477387,6.572508096437567,1.0914231856738925,14198.041258096695
152500,0.7925,0.729045081615448,0.8162613065326633,6.10317183687696,0.7211870255348516,14244.684718847275
153000,0.7365,0.7337646443843842,0.8174874371859296,6.746310611384399,1.0433238636363635,14290.660958528519
153500,0.8033,0.7340426471233368,0.8179497487437186,6.8487084870848705,1.0174506828528074,14336.808725357056
154000,0.7984,0.7659789298772812,0.8199195979899497,6.3691253263707575,1.083050847457627,14382.98073720932
154500,0.8005,0.7516100174188614,0.8167638190954774,5.983544737744258,0.8817771084337349,14429.205208301544
155000,0.7955,0.762963102221489,0.8203417085427136,6.510056050115398,1.150210970464135,14475.204483509064
155500,0.8003,0.7375515756607056,0.8156582914572864,6.391104835863043,0.8280442804428044,14521.391179323196
156000,0.7919,0.7567264947891236,0.8189748743718593,6.58319550115779,1.1451187335092348,14567.804123163223
156500,0.8053,0.7557159426212311,0.8196984924623115,6.546817727424192,1.0310612597066438,14614.017075300217
157000,0.7982,0.7679679726362229,0.8199597989949748,5.864909939959973,1.0114638447971782,14660.385211467743
157500,0.7566,0.7411014949083328,0.814110552763819,6.34,0.7860294117647059,14706.678624629974
158000,0.797,0.7466148867607116,0.8174070351758794,6.664083557951482,1.1383966244725738,14752.696955919266
158500,0.769,0.7420394002199173,0.8146733668341709,6.092643051771117,0.8995568685376661,14798.929774999619
159000,0.7796,0.728983394563198,0.8147537688442211,6.566666666666666,1.0029985007496252,14844.80058646202
159500,0.789,0.7540288482308388,0.8197989949748744,7.265718067504964,1.2257194244604317,14891.563864707947
160000,0.7911,0.7416372091770173,0.8157185929648241,5.719727891156462,0.8481675392670157,14937.532324075699
160500,0.7783,0.7367597745656967,0.8174070351758794,6.801832371903631,1.0681265206812651,14984.666157245636
161000,0.7845,0.7640572568178177,0.8237989949748744,6.834235453315291,1.3238289205702647,15030.650753498077
161500,0.8086,0.7613271426558494,0.8247035175879397,6.560454702032381,1.0429799426934097,15076.75694656372
162000,0.7546,0.7584562028646469,0.8225125628140704,6.106219426974144,0.9121676067687349,15122.825209140778
162500,0.7948,0.7469253580570221,0.8194170854271356,6.556039173014145,0.8801556420233463,15168.925296545029
163000,0.8074,0.7535320957899093,0.8221708542713568,7.289850136239782,1.1240942028985508,15215.224912881851
163500,0.8012,0.762338506937027,0.8234371859296482,6.26162994053865,1.0514705882352942,15261.694215774536
164000,0.7667,0.7321266568899155,0.8132261306532663,6.204024982650937,0.6988737403675163,15308.12446808815
164500,0.8092,0.7460917547941208,0.8199597989949748,7.261522703994538,1.2810402684563758,15354.209345579147
165000,0.794,0.7611859112977981,0.821286432160804,6.126100739697076,1.057341442224153,15400.268486499786
165500,0.8,0.7629521442651749,0.824140703517588,6.583754634310751,1.1256637168141592,15446.239855527878
166000,0.7497,0.7590402127504349,0.8210653266331658,6.524179912073047,0.8833841463414634,15492.471577644348
166500,0.8026,0.7562374519109726,0.8234371859296482,7.095670391061453,1.1047957371225576,15538.683354616165
167000,0.7411,0.7567857486009598,0.8208844221105528,5.950920245398773,0.9011673151750973,15585.20201587677
167500,0.7914,0.7557877767086029,0.8224723618090453,6.763345800748045,1.0656146179401993,15631.201595544815
168000,0.7314,0.7443425667285919,0.8251256281407036,6.785739623980135,1.1224489795918366,15677.265692472458
168500,0.8015,0.7356104226708412,0.8209849246231156,6.676117411607739,0.839563862928349,15723.680613517761
169000,0.8146,0.7801798226833343,0.8287437185929648,6.886894683372841,1.3987603305785123,15770.253778457642
169500,0.7996,0.7613673244714737,0.8258090452261306,6.00900576368876,0.8740293356341674,15816.687032699585
170000,0.7717,0.7359217042922974,0.8115175879396985,6.2125042705842155,0.5992108229988726,15862.75700545311
170500,0.8003,0.7400799840688705,0.8180301507537688,6.9948489010989015,1.2547169811320755,15909.167093515396
171000,0.8085,0.7507979243993759,0.8215075376884422,6.738095238095238,1.1601851851851852,15955.1659283638
171500,0.7981,0.7695694359540939,0.8263718592964824,6.524875621890548,1.233140655105973,16001.332671403885
172000,0.7954,0.7527094497680664,0.822251256281407,6.887168902648779,0.8397185301016419,16047.367320537567
172500,0.7871,0.7502703266143799,0.8186934673366835,6.261359754014349,0.8684014869888476,16093.541306257248
173000,0.7863,0.7731932165622711,0.8247638190954774,6.747679045092839,1.2859848484848484,16139.724385023117
173500,0.7813,0.7410247899293899,0.8216482412060302,6.60930576070901,0.8760991207034372,16186.133091211319
174000,0.8054,0.7501083943843841,0.8242010050251256,7.415611814345992,1.1112084063047285,16232.810711622238
174500,0.7885,0.7621798224449158,0.8237788944723619,6.338666666666667,0.9820205479452054,16279.000236272812
175000,0.8042,0.7533372902870178,0.8253065326633165,6.517301642782244,1.0633861551292745,16325.007797956467
175500,0.8083,0.7587528745532036,0.8275577889447236,6.945539233249732,1.102189781021898,16371.271139860153
176000,0.7912,0.7350044966936111,0.8252261306532663,7.013435003631082,0.9033333333333333,16417.365761995316
176500,0.8056,0.7539460573196411,0.8214472361809045,6.06333100069979,0.8592814371257484,16463.258097171783
177000,0.7335,0.7314208937883377,0.815678391959799,6.83363341735686,0.8104359313077939,16509.862099409103
177500,0.8052,0.7431027125120163,0.8156180904522613,6.487646293888166,0.9976671850699844,16555.95290184021
178000,0.7991,0.7530057163238525,0.8181306532663316,6.559676331759946,1.10530749789385,16601.96717762947
178500,0.8033,0.7539525494575501,0.8216281407035176,6.846723044397463,1.1620111731843576,16648.030492544174
179000,0.7997,0.7644010076522827,0.8236180904522613,6.31513204853676,1.0887096774193548,16694.028888702393
179500,0.7863,0.7549647263288498,0.8189346733668341,6.342105263157895,0.828928046989721,16740.138863801956
180000,0.7798,0.7516412675976754,0.8224924623115578,7.010431154381084,1.1556728232189974,16786.40047097206
180500,0.789,0.7548742223381996,0.8234572864321608,6.657608695652174,1.0396694214876032,16832.69060111046
181000,0.7044,0.7636250326633454,0.8231758793969849,6.645847400405132,0.9894578313253012,16878.639978647232
181500,0.759,0.739077143907547,0.8192562814070352,6.923076923076923,0.8631578947368421,16924.871853113174
182000,0.808,0.7452232471704483,0.8195577889447236,6.789135096497498,1.012427506213753,16970.90515756607
182500,0.7973,0.7602431339025497,0.8226733668341708,6.606745479833101,1.1322525597269624,17017.005286216736
183000,0.8032,0.7501493841409683,0.8242211055276382,6.839493497604381,1.07,17063.409636497498
183500,0.8127,0.7715284429788589,0.8273768844221105,6.626013513513514,1.1593908629441625,17109.623351335526
184000,0.8006,0.769088507771492,0.8264723618090453,6.39157060518732,0.9627174813587407,17155.802114009857
184500,0.8153,0.7673583941459656,0.8297286432160804,7.460985257101762,1.1464737793851718,17202.05380630493
185000,0.7876,0.7586676466464997,0.8253266331658291,6.367725812209925,0.8326967150496563,17247.976902723312
185500,0.795,0.7285085558891297,0.8234572864321608,7.194507148231753,0.9258964143426295,17294.303556203842
186000,0.7993,0.7564602617025376,0.8243015075376885,6.965369510888968,1.0345394736842106,17340.503801822662
186500,0.7881,0.7462390770912171,0.8223115577889447,6.697520083828152,0.9242540168324407,17386.80273580551
187000,0.798,0.752009773850441,0.8200402010050252,6.464466150218929,0.9145234493192134,17433.423727989197
187500,0.8006,0.7416936200857163,0.8214874371859296,7.083006768792305,1.0583468395461912,17479.9017264843
188000,0.8132,0.7655191085338593,0.8280402010050252,6.96261355695318,1.3227722772277228,17526.182237625122
188500,0.7811,0.7466534425020218,0.8258894472361809,6.7937898089171975,0.908311910882605,17574.069553375244
189000,0.8184,0.7679302287101746,0.8270753768844221,7.1011348464619495,1.054327808471455,17620.39164996147
189500,0.8044,0.7613945126533508,0.825427135678392,5.9265899864682,0.9344524380495604,17666.62447333336
190000,0.7835,0.7552029572725296,0.8241809045226131,7.181753385602281,0.9517133956386293,17713.03369116783
190500,0.785,0.7720276311635971,0.8266733668341708,6.842646554679465,1.1090589270008795,17759.535326242447
191000,0.7893,0.7510653752088546,0.8242211055276382,6.581071166544388,0.9043887147335423,17805.514261960983
191500,0.7714,0.7583092879056931,0.824502512562814,6.61128526645768,1.0108949416342412,17851.572321414948
192000,0.8118,0.7676388319730759,0.83121608040201,7.926738564522127,1.327130264446621,17897.873948335648
192500,0.7977,0.7466234112977982,0.8232562814070352,6.316460176991151,0.7238493723849372,17943.76029896736
193000,0.7664,0.7570414296388626,0.8257286432160804,7.024587284861258,1.0982428115015974,17990.26427745819
193500,0.7957,0.7685686213970184,0.8272562814070352,6.7508858965272855,1.0662020905923344,18036.540326833725
194000,0.7669,0.768157499551773,0.8280201005025125,6.80496936691627,1.0338680926916222,18082.85999560356
194500,0.8126,0.7570243828892708,0.8294874371859297,7.084848484848485,1.0658250676284942,18129.004136800766
195000,0.788,0.7591680534482003,0.8261708542713568,6.521438450899032,0.8660714285714286,18174.98224568367
195500,0.8034,0.7478413466215134,0.8240201005025125,6.809244314013206,0.9113504556752279,18221.019399166107
196000,0.7637,0.7522106665372849,0.8260301507537688,7.050107372942018,1.084033613445378,18266.88524580002
196500,0.7689,0.7566051473617553,0.8241608040201005,6.869989543394911,0.9326086956521739,18313.059279203415
197000,0.791,0.7492350170612335,0.8219698492462312,6.200071073205401,0.9200293470286134,18359.034641981125
197500,0.8108,0.7461932156085967,0.8252462311557789,7.468442174388909,1.1433597185576077,18405.0116815567
198000,0.8132,0.7685325015187263,0.8305125628140704,7.204130808950086,1.248341232227488,18451.146491765976
198500,0.7702,0.7673222749233246,0.8288643216080402,6.470293486041517,0.9333874898456539,18496.91850876808
199000,0.8104,0.7450089633464814,0.8237989949748744,6.863304347826087,0.8198713366690493,18542.761713266373
199500,0.7429,0.7488393193483353,0.8260301507537688,6.779347826086957,1.0964378801042571,18589.001131534576
200000,0.8002,0.7400032812356949,0.8220100502512563,6.851110302147798,0.8363338788870703,18635.180654764175
200500,0.7335,0.7619736539125442,0.8254472361809045,6.935408299866131,1.145780051150895,18681.52181982994
201000,0.7783,0.7551777937412262,0.8254673366834171,6.100482017055988,1.0008576329331047,18727.502368211746
201500,0.8139,0.757334450006485,0.8290653266331658,7.8641482019614966,1.1711281070745698,18773.813008069992
202000,0.7918,0.7592565264701844,0.8264321608040202,6.503433321286592,0.8925348646431501,18820.21370100975
202500,0.7679,0.7554517395496368,0.829286432160804,7.364193083573487,1.1327102803738318,18866.25687980652
203000,0.8036,0.7620856668949127,0.8292261306532663,6.556843679880329,0.997338065661047,18912.453088521957
203500,0.803,0.7455300678014756,0.8235979899497488,7.063985374771481,0.803921568627451,18958.5402507782
204000,0.8082,0.7509083133935929,0.8285628140703517,7.48468660968661,1.2291280148423005,19005.111446857452
204500,0.8149,0.7569164294600487,0.8286231155778895,6.885724209795068,1.002851711026616,19051.26766347885
205000,0.803,0.7689334754943847,0.8315376884422111,6.56858407079646,1.1441351888667992,19097.334244012833
205500,0.8011,0.7589229230284691,0.829286432160804,7.153954802259887,0.9042735042735043,19143.425196647644
206000,0.7935,0.7718746289014816,0.8308542713567839,6.755662829558114,1.0743565300285987,19189.5068860054
206500,0.8046,0.7536290916204452,0.8255075376884422,6.916784203102962,0.7953846153846154,19235.743514299393
207000,0.7896,0.7567991417646408,0.8260502512562814,6.514531754574811,1.0220228384991843,19282.126918554306
207500,0.8047,0.7574639135599136,0.8260904522613065,7.212978943734898,1.001733102253033,19328.040263414383
208000,0.8098,0.7528592059612275,0.8278994974874372,7.3391812865497075,1.085308056872038,19374.266188144684
208500,0.8134,0.7648031986355781,0.8300100502512563,6.660657476139979,1.1064908722109534,19420.10071158409
209000,0.8033,0.7634712197780609,0.8326834170854271,7.602234636871509,1.13220675944334,19465.929678201675
209500,0.8115,0.7872317715883255,0.8356984924623115,6.716018551551909,1.1565762004175366,19511.939759254456
210000,0.6873,0.7708019816875458,0.8291658291457287,6.180519956060051,0.7589020771513353,19558.231410503387
210500,0.8017,0.752294677734375,0.8282613065326633,7.9981884057971016,0.967008797653959,19604.639431238174
211000,0.8112,0.7748458126783371,0.8306733668341708,6.764705882352941,1.106761565836299,19650.567907333374
211500,0.7721,0.7416083949804306,0.8215075376884422,6.237097980553478,0.686166551961459,19696.663685560226
212000,0.8141,0.757648979306221,0.824321608040201,7.123282846072561,1.1243339253996447,19742.779217481613
212500,0.805,0.7480146448612213,0.8225527638190955,7.073407700611731,0.9331814730447988,19788.914564609528
213000,0.7991,0.7647853418588638,0.8244623115577889,6.950859950859951,1.0787075393537697,19834.969618320465
213500,0.7597,0.7687090423107147,0.8278994974874372,6.633391915641476,1.1440606571187868,19881.17055273056
214000,0.7857,0.7483060405254364,0.8231758793969849,6.820067898906073,0.8256676557863502,19927.398471832275
214500,0.753,0.744058881521225,0.8217085427135679,6.568454481298518,0.9456845238095238,19973.283941745758
215000,0.7939,0.7641465433835983,0.827035175879397,7.182200420462509,1.2282515073212747,20019.32303237915
215500,0.8,0.7552155356407165,0.8289447236180905,7.315561959654179,1.087476979742173,20065.45709657669
216000,0.8047,0.7460791749954223,0.8261909547738694,6.990885891359825,0.8844856661045531,20111.28289747238
216500,0.7957,0.7671108289957046,0.8288643216080402,6.816446911866759,1.124765478424015,20157.527476787567
217000,0.7964,0.771028442621231,0.8313366834170854,6.837018544935806,1.1198830409356726,20203.56339287758
217500,0.8062,0.7591010893583298,0.826713567839196,6.829435048578626,0.8265460030165912,20249.579785346985
218000,0.812,0.7796299051046371,0.8328040201005025,7.228326792722084,1.3023952095808384,20295.60355257988
218500,0.8128,0.7714752782583236,0.829748743718593,6.9462246777163905,0.8735440931780366,20341.4544506073
219000,0.8126,0.7693612349629402,0.8297889447236181,7.007942238267148,1.0017467248908296,20387.540596961975
219500,0.819,0.7724075016975402,0.8309346733668341,7.101619014812263,1.0524861878453038,20433.719740867615
220000,0.7739,0.7630406180024147,0.8284422110552764,6.307719672714336,0.8993506493506493,20479.539875268936
220500,0.8012,0.7508648875951767,0.8247236180904522,6.694577646624862,0.8655523255813954,20525.706177949905
221000,0.804,0.7702305537462234,0.8298291457286432,7.254395036194416,1.2210617928633594,20572.08113837242
221500,0.8072,0.7861290920972824,0.8349145728643216,7.491214667685256,1.271750805585392,20618.209634304047
222000,0.8107,0.7719671592712403,0.8331256281407036,6.898192548874954,0.9226759339704604,20664.10687327385
222500,0.7953,0.7495560398101807,0.8258291457286432,6.8712430426716145,0.7518796992481203,20710.25394678116
223000,0.7908,0.7577236535549163,0.8283819095477387,7.243945243945244,1.1067226890756303,20756.549037218094
223500,0.8146,0.7779476799964905,0.8336884422110553,7.163090128755365,1.2770199370409234,20802.517340898514
224000,0.7917,0.7687731668949127,0.8324824120603015,7.1436825885978426,0.9448529411764706,20848.81751537323
224500,0.8025,0.7547772260904312,0.829105527638191,6.793513513513513,0.8648431214802896,20895.153022527695
225000,0.8131,0.7606473546028137,0.8317587939698492,7.188571428571429,1.120768526989936,20941.22425508499
225500,0.7854,0.7710605058670044,0.8295276381909548,6.983805668016195,0.9092395748160261,20987.65467262268
226000,0.8022,0.7479107480049133,0.8289045226130654,7.254558455488023,0.9745065789473685,21033.57016992569
226500,0.805,0.7535142377614975,0.8268140703517588,7.06113707165109,0.9234167893961709,21079.562519550323
227000,0.8053,0.7578896436691284,0.8297286432160804,7.140608228980322,1.1277533039647578,21126.573880672455
227500,0.7869,0.7687386698722839,0.8301306532663316,6.868732590529248,1.0177462289263532,21173.30006814003
228000,0.811,0.7676213830709457,0.8284020100502513,6.968601679445053,0.9337442218798151,21220.807970285416
228500,0.7951,0.7581173232793808,0.8260100502512563,6.575779816513761,0.9121122599704579,21266.874493837357
229000,0.8109,0.756841348528862,0.8289246231155779,7.403128332740846,1.12854609929078,21313.015743017197
229500,0.7953,0.7846270624399185,0.8348341708542714,7.1451036454610435,1.3114406779661016,21358.957198381424
230000,0.777,0.7461108294725418,0.8247437185929648,6.484579799537394,0.6533149171270718,21405.077221632004
230500,0.7944,0.768630309343338,0.8306532663316583,7.848056537102473,1.2765757290686737,21451.25903749466
231000,0.7996,0.7645507645606995,0.8261105527638191,6.354893908281999,0.8175948345439871,21497.429270982742
231500,0.8009,0.7479533610343934,0.8230150753768845,6.4054154302670625,0.8830675778283978,21543.58137702942
232000,0.7893,0.7303096933364868,0.817889447236181,6.518166383701188,0.8246217331499313,21589.60470676422
232500,0.8016,0.7650024691820144,0.826211055276382,7.4358430540827145,1.4107142857142858,21635.823469877243
233000,0.7947,0.7782289301156997,0.8312964824120603,6.8093039772727275,1.2527472527472527,21681.868461608887
233500,0.7874,0.7717557166814804,0.8294070351758794,6.03955007256894,0.9214046822742475,21727.640595674515
234000,0.7812,0.7600182970762253,0.8242412060301507,7.383493418712202,0.8217753120665742,21774.13365292549
234500,0.8013,0.7496384272575378,0.8261909547738694,7.140597539543058,1.0802315963606286,21820.344630002975
235000,0.757,0.7705049042701722,0.8271557788944723,6.3708133971291865,1.0415584415584416,21866.52879357338
235500,0.7973,0.7497402936220169,0.8215879396984924,6.522827687776141,0.8036853295535081,21912.545575857162
236000,0.8114,0.7669635075330734,0.8265527638190955,7.305019305019305,1.2231255645889791,21958.532755613327
236500,0.8153,0.7590187029838562,0.82721608040201,6.432258064516129,1.0286707211120765,22004.573317050934
237000,0.7959,0.7672942698001861,0.829105527638191,7.0443442314919205,1.0834072759538598,22050.796202898026
237500,0.8182,0.7716867221593857,0.8296482412060302,7.009641873278237,1.0237467018469657,22097.27565407753
238000,0.8084,0.7632204070091247,0.8298492462311557,6.93422519509476,1.009267840593142,22143.199077367783
238500,0.7913,0.7563161861896515,0.8262713567839196,6.354849965108165,0.8593996840442338,22189.15270614624
239000,0.8082,0.7703263318538666,0.8311356783919598,7.789895470383275,1.2398414271555995,22235.27832841873
239500,0.8133,0.7450860728025437,0.8284623115577889,6.811335711454618,0.8905349794238683,22281.304071187973
240000,0.818,0.7657187848091126,0.8336281407035175,7.4058073654390935,1.281798245614035,22327.37484073639
240500,0.8078,0.7883977628946305,0.8347537688442211,6.80594343000358,1.0558325024925224,22373.71599459648
241000,0.7957,0.771067809343338,0.8313165829145729,6.658859085757461,0.8556962025316456,22420.457547426224
241500,0.7767,0.7705941895246505,0.8342914572864322,7.610761705101328,1.1456692913385826,22466.61047911644
242000,0.8082,0.7838884271383285,0.8326834170854271,6.597188892697978,0.928635147190009,22512.603588581085
242500,0.8066,0.7592666724920273,0.8317185929648241,6.782991202346041,0.959866220735786,22558.685555696487
243000,0.7887,0.7622289301753045,0.8291457286432161,7.177844762622457,0.9010054137664346,22604.904398918152
243500,0.8037,0.7647796591520309,0.8302512562814071,6.902762430939227,1.046848381601363,22650.853112459183
244000,0.7945,0.7664079084396362,0.8270552763819096,7.342718109141467,0.8789032749428789,22697.70451617241
244500,0.8022,0.7738445968627929,0.8297688442211055,6.6106133700895935,1.121731289449955,22743.808688879013
245000,0.7944,0.7692800648212433,0.8303919597989949,6.695961106955871,1.026006711409396,22789.855518102646
245500,0.8004,0.7735357486009597,0.8306532663316583,7.292993630573249,1.0107260726072607,22835.859302043915
246000,0.8141,0.7635170798301697,0.8282412060301507,6.874110153615586,0.9001663893510815,22881.882588148117
246500,0.7982,0.7621363980770111,0.829748743718593,6.938760542720939,1.0665483584738242,22927.910159111023
247000,0.8089,0.7678782799243927,0.8345125628140704,7.491305956344802,1.2219101123595506,22973.854599237442
247500,0.814,0.7724139944314957,0.8336482412060302,6.846267553584627,0.9632164242942686,23020.496043920517
248000,0.8068,0.7620207314491272,0.8308542713567839,7.056097560975609,0.8844555278470491,23066.53936457634
248500,0.804,0.7537825011014938,0.8281809045226131,6.913747645951036,0.8941082802547771,23112.6711704731
249000,0.7632,0.7432358283996582,0.8241206030150754,6.700182149362477,0.8511422254974208,23159.207381248474
249500,0.7884,0.7523600165843963,0.8256884422110553,7.264347202295553,1.0680034873583262,23206.713388442993
250000,0.8094,0.7547313642501831,0.8269145728643216,7.257996485061511,1.0511744966442953,23252.84643983841
250500,0.7941,0.7718502771854401,0.8275376884422111,6.152091254752852,1.0261824324324325,23299.062719106674
251000,0.7884,0.7508742213249207,0.82721608040201,7.558888888888889,0.986938775510204,23345.83520102501
251500,0.8021,0.767149790763855,0.829608040201005,6.993459302325581,1.1114232209737829,23392.12696313858
252000,0.781,0.7688823387622833,0.8308743718592965,7.28141592920354,1.0577981651376147,23438.138032913208
252500,0.808,0.745148572564125,0.828140703517588,6.7036485480268055,0.8887070376432079,23484.305574178696
253000,0.8051,0.7676420804262162,0.8293065326633166,6.44136460554371,1.0499569336778638,23530.694327116013
253500,0.805,0.758849870622158,0.8306532663316583,7.563067975281716,1.0643611911623438,23576.605857133865
254000,0.8141,0.7552062027454376,0.8295678391959799,7.079630287948809,0.951131221719457,23623.186324596405
254500,0.8081,0.7864639127254486,0.8331457286432161,7.098503306648103,1.1762376237623762,23669.11888384819
255000,0.7849,0.7615028755664826,0.8267537688442211,6.09626064420585,0.7693981145757796,23715.117317914963
255500,0.8064,0.7635592877864837,0.8266934673366834,7.035966149506347,0.9974895397489539,23761.12167239189
256000,0.7942,0.7668494653701782,0.8289246231155779,7.364149611856034,1.0974539069359086,23807.061089992523
256500,0.7973,0.7644306342601777,0.8300502512562814,7.083819241982507,1.0484429065743945,23853.201984405518
257000,0.8113,0.7790621274709701,0.8324623115577889,7.023971377459749,1.1152737752161384,23899.293201208115
257500,0.7526,0.7802549035549163,0.8329849246231156,6.482537419814683,1.023465703971119,23945.875028133392
258000,0.8015,0.7651088004112243,0.8343115577889447,7.494595601938129,1.0632790028763184,23991.969529151917
258500,0.8115,0.7530049024820328,0.8260904522613065,6.604865462587542,0.6977087952697709,24038.051944732666
259000,0.8038,0.7600333143472672,0.8295879396984924,7.158330334652753,1.1566156615661567,24084.091368675232
259500,0.8085,0.7621822576522828,0.8310552763819096,7.154120585087407,1.0673431734317342,24129.877146482468
260000,0.8081,0.7614010065793991,0.8312361809045226,6.926785714285714,1.008256880733945,24175.76252579689
260500,0.7976,0.7392772262096405,0.8236381909547739,6.581818181818182,0.7394900068917988,24221.755368947983
261000,0.769,0.7576380218267441,0.8256884422110553,7.119423955040394,1.0834014717906786,24268.33252120018
261500,0.8074,0.7583928912878036,0.8288040201005025,7.42630217953454,1.1433857539315448,24314.21396636963
262000,0.8102,0.7787346117496491,0.8330452261306532,7.073554567225453,1.2326350606394707,24360.2118537426
262500,0.8261,0.7711968678832054,0.8329447236180905,6.798091042584435,0.9949748743718593,24406.18556189537
263000,0.815,0.7723872075080872,0.8368442211055276,7.4965009208103135,1.206163655685441,24452.229886054993
263500,0.8109,0.7552853415012359,0.8281809045226131,6.770575382374362,0.6892573900504686,24498.344509363174
264000,0.7643,0.7772820944786072,0.8318994974874372,7.295045871559633,1.1709796672828097,24544.79871559143
264500,0.8156,0.7602374531030655,0.8301507537688442,6.439575971731449,0.9251290877796902,24591.136342048645
265000,0.7493,0.7771019008159638,0.8331457286432161,7.252035398230088,1.1434071222329163,24637.347162246704
265500,0.8215,0.7729764944314956,0.8326030150753769,7.288663663663663,0.9761904761904762,24683.079219341278
266000,0.8201,0.7717861552238464,0.8355376884422111,7.419157364061937,1.1495901639344261,24729.123601913452
266500,0.8183,0.7443644822835922,0.8292261306532663,6.768651092690279,0.7537254901960785,24775.60149526596
267000,0.8211,0.7573397243022919,0.8306934673366834,7.498678746696867,1.0684161199625117,24823.60771036148
267500,0.8137,0.7751351807117463,0.8324020100502513,7.2377251854468385,1.0801131008482563,24870.340693473816
268000,0.8207,0.7725426479578018,0.8343316582914573,6.964272139870771,1.0952380952380953,24916.402929782867
268500,0.7941,0.7598230854272843,0.8301306532663316,6.973674313651749,0.837984496124031,24962.208154678345
269000,0.7975,0.7653624532222748,0.8321608040201005,7.103015075376884,1.0861040068201193,25008.31513953209
269500,0.7902,0.7627524681091309,0.8347537688442211,8.004291845493562,1.1316326530612244,25054.190498828888
270000,0.8187,0.7704728420972824,0.8325829145728644,6.868661971830986,0.9100749375520399,25099.70644879341
270500,0.7235,0.7630499531030654,0.8295879396984924,6.934195511601369,0.8817460317460317,25145.584634542465
271000,0.8061,0.7521368042230606,0.8297889447236181,7.1183879093199,1.0084175084175084,25192.189371824265
271500,0.8171,0.7921534433364869,0.8364824120603015,7.093856655290103,1.3592233009708738,25237.74966597557
272000,0.8088,0.7860828266143799,0.8338693467336683,6.951815893563467,0.8845470692717584,25283.59722685814
272500,0.7522,0.7643356662988663,0.8346130653266332,7.374952125622367,1.0342592592592592,25329.303996801376
273000,0.8098,0.7670536057949067,0.8331859296482412,6.832092330603127,0.936436884512086,25374.967804431915
273500,0.808,0.7934261705875397,0.8346331658291457,6.891472868217054,1.0692307692307692,25420.612389564514
274000,0.8153,0.7550174850225448,0.831678391959799,7.538490999617005,0.8748936170212765,25466.67344403267
274500,0.8216,0.7611948384046554,0.8348542713567839,7.425160370634355,1.1583166332665331,25512.977618694305
275000,0.8115,0.766744757771492,0.829286432160804,6.498707055781308,0.7751623376623377,25558.907222509384
275500,0.8088,0.7782597730159759,0.8327236180904523,6.961259079903147,1.1691394658753709,25604.687474489212
276000,0.8043,0.7742833141088485,0.8338291457286432,7.41985559566787,1.0559511698880977,25651.90604352951
276500,0.8131,0.7723644828796387,0.8343115577889447,6.84122463510146,1.0235063663075417,25697.661858797073
277000,0.6768,0.7843721933364868,0.8335477386934673,6.715665236051502,0.9647822057460612,25743.577897310257
277500,0.8137,0.7645917541980743,0.8331256281407036,7.037023324694558,0.9803921568627451,25789.87669801712
278000,0.7016,0.7667447575330735,0.8331658291457287,6.975694444444445,1.0017841213202499,25835.7583425045
278500,0.8042,0.7613535232543945,0.8301105527638191,6.748031496062992,0.8776167471819646,25881.538898468018
279000,0.8049,0.7830507651567459,0.8359798994974874,7.748866410882456,1.324805339265851,25927.589301347733
279500,0.7997,0.7756688646078109,0.8334673366834171,6.76131221719457,0.8878923766816144,25973.5395591259
280000,0.8234,0.7747415108680725,0.8331055276381909,6.9133969600565575,0.9837837837837838,26019.270240068436
280500,0.8066,0.7582857475280762,0.829748743718593,6.893764434180139,0.8671439936356404,26065.275328874588
281000,0.8142,0.7840061213970184,0.8362814070351758,7.749723960250276,1.314617618586641,26111.524191617966
281500,0.8263,0.7826972750425338,0.8401206030150754,7.675347841598287,1.2058189655172413,26157.421926259995
282000,0.8199,0.7632942707538605,0.8336482412060302,6.968221213371853,0.7379983726606998,26203.336773633957
282500,0.8184,0.7617143191099167,0.8331859296482412,7.491107078039928,0.9802065404475043,26249.24782705307
283000,0.8259,0.7799768996238708,0.8385125628140704,7.611363636363636,1.278361344537815,26295.158650159836
283500,0.7753,0.76897527718544,0.8347537688442211,6.897314949201742,0.8464696223316913,26340.92412495613
284000,0.8168,0.7450353420376777,0.8275376884422111,6.92040520984081,0.7400434467776973,26386.699923038483
284500,0.7963,0.7736806336641312,0.8308542713567839,6.548998569384835,1.1491862567811935,26433.00771999359
285000,0.8148,0.7833717861175538,0.8368040201005025,8.107400379506641,1.3086548488008343,26478.955243110657
285500,0.7773,0.7712573388814926,0.8333869346733669,6.324593796159528,0.8573825503355704,26525.059696674347
286000,0.81,0.7718178100585937,0.8367839195979899,7.854998169168803,1.1754932502596054,26570.81385731697
286500,0.8234,0.7864785245060921,0.8413065326633166,7.363856254319281,1.265017667844523,26616.693166017532
287000,0.8108,0.7864789283275604,0.8385326633165829,6.234527687296417,0.8752260397830018,26662.24612402916
287500,0.8201,0.7722934582233429,0.8372663316582915,7.964864864864865,0.9455017301038062,26708.25905561447
288000,0.8106,0.7594476804733277,0.8352361809045226,7.690322580645161,0.9136752136752136,26754.597909927368
288500,0.8145,0.7745020636320115,0.8355175879396985,6.863393810032017,1.0123674911660778,26803.659167289734
289000,0.8257,0.7679375349283218,0.8362010050251256,7.683760683760684,1.0315691736304549,26852.06795859337
289500,0.8196,0.7692743842005729,0.8348743718592965,6.96415897799858,0.9392265193370166,26900.952595233917
290000,0.806,0.7594091250896454,0.8290452261306532,6.755701584847314,0.7784568372803667,26950.78261733055
290500,0.8119,0.756567403793335,0.8321005025125628,7.555433989788476,1.1381818181818182,27006.66131711006
291000,0.8091,0.7812954879999161,0.8376281407035175,7.342649727767695,1.287958115183246,27060.656868457794
291500,0.8143,0.7852987345457078,0.8371256281407036,7.197219173069887,0.9770220588235294,27114.514609098434
292000,0.8166,0.775479336977005,0.8352964824120603,6.912066996574039,0.9224872231686542,27163.84458589554
292500,0.7975,0.7662577440738678,0.8348140703517588,7.135005533013648,0.9795744680851064,27212.2082631588
293000,0.8203,0.7436124510765075,0.8328844221105528,7.587888320880849,0.9127272727272727,27261.138855218887
293500,0.8141,0.7772350190281868,0.8303115577889447,6.665535956580733,0.8945634266886326,27309.774012327194
294000,0.7632,0.760417241692543,0.8339296482412061,7.865906409752261,1.1574803149606299,27357.757828474045
294500,0.7942,0.7576579072475433,0.8295477386934673,6.711453744493392,0.8397058823529412,27424.673544168472
295000,0.8186,0.778055634021759,0.8350954773869347,7.826226012793177,1.2648752399232246,27473.985662460327
295500,0.8224,0.7871234105825424,0.8396381909547739,7.349259259259259,1.2472647702407003,27534.47158265114
296000,0.8159,0.7901035242080688,0.8378291457286432,6.732419761990624,0.9150943396226415,27591.60549545288
296500,0.8168,0.7825828267335891,0.8366834170854272,7.323735695828719,0.949288256227758,27641.59154701233
297000,0.8135,0.7719350986480713,0.8365829145728643,6.718715393133998,0.9953139643861293,27691.64088177681
297500,0.8129,0.7600669978857041,0.8346130653266332,7.687125748502994,0.9156626506024096,27740.907379627228
298000,0.8065,0.7812374531030655,0.8348341708542714,6.674817518248175,1.0103189493433395,27789.575407505035
298500,0.7986,0.7441635885238648,0.8253869346733669,7.205118554761008,0.6948051948051948,27837.81486058235
299000,0.8109,0.7781704897880555,0.8356381909547739,7.727636363636363,1.5209397344228806,27885.988330364227
299500,0.8194,0.7866514140367508,0.8389748743718592,7.258990053557766,1.1824175824175824,27933.982484579086
300000,0.8136,0.7796656192541123,0.8390150753768845,7.201457194899818,1.0019175455417066,27982.35182952881
300500,0.805,0.7830588816404342,0.8395979899497488,7.705274806344522,1.0279383429672446,28030.334452152252
301000,0.8067,0.7938932962417603,0.8402814070351758,7.105623100303951,1.034871794871795,28078.683561086655
301500,0.8176,0.7656217876672745,0.8371658291457287,7.905098039215686,0.8681972789115646,28126.86738204956
302000,0.8188,0.7795373709201813,0.8367437185929648,7.035764375876578,0.9804832713754646,28176.66238760948
302500,0.8231,0.7826230051517487,0.837427135678392,6.760428202288668,1.0311926605504587,28225.937218666077
303000,0.8002,0.7965564461946487,0.8407035175879397,7.995488721804511,1.1703239289446186,28274.499431848526
303500,0.8245,0.7923588000535965,0.8395979899497488,6.553712777987184,0.945273631840796,28322.05541753769
304000,0.7521,0.7767914290428162,0.8351959798994975,7.154508043396932,0.8239549839228296,28370.858373880386
304500,0.8154,0.7785799860954284,0.8367437185929648,7.494256999282125,1.069182389937107,28417.697201251984
305000,0.7357,0.7737337999343872,0.8328442211055277,6.669948942377826,0.8479623824451411,28467.0082757473
305500,0.8182,0.7679574190974235,0.8350150753768845,8.19214798036995,1.099630996309963,28512.62424826622
306000,0.7718,0.7762682963609695,0.8356180904522613,7.061388210673178,1.0297914597815292,28559.459831237793
306500,0.8102,0.771421706199646,0.8331859296482412,6.554078332734459,0.8951473136915078,28605.101755142212
307000,0.8052,0.7733064472675324,0.8333065326633166,7.110759493670886,1.004991680532446,28650.966653347015
307500,0.8208,0.7773295781612396,0.8353366834170854,7.566974595842956,1.0930018416206262,28696.89885187149
308000,0.8213,0.781531688451767,0.8375477386934673,6.882265827471307,1.1116751269035532,28743.76387834549
308500,0.8108,0.7763389148712159,0.8356381909547739,7.0436910171268785,0.9078564500484966,28790.681384801865
309000,0.8025,0.773955391407013,0.837608040201005,7.585511575802838,1.0978043912175648,28837.40056014061
309500,0.7818,0.77746797311306,0.8364422110552764,7.05491444488659,0.9461966604823747,28884.554095983505
310000,0.8151,0.7888247085809708,0.8394371859296482,7.314061384725196,1.1518858307849134,28931.567194223404
310500,0.7998,0.7884062833786011,0.8378693467336683,7.4392426850258175,0.9252873563218391,28978.46980714798
311000,0.8136,0.7405093667507172,0.8274974874371859,6.629236423029808,0.6337828246983677,29025.31616616249
311500,0.8021,0.7738247110843658,0.8303919597989949,7.359396914446003,1.121212121212121,29072.23359632492
312000,0.8105,0.7712784413099288,0.8313165829145729,6.729018492176387,1.0393162393162394,29119.071816921234
312500,0.7851,0.7705519814491272,0.8324623115577889,7.529992684711046,1.0538243626062322,29166.10532951355
313000,0.8211,0.7728100998401641,0.8342914572864322,7.428200371057514,1.0848880597014925,29213.10010433197
313500,0.8092,0.7922800654172897,0.8357788944723618,6.833866951262896,1.0718446601941747,29260.214116811752
314000,0.8239,0.7826911861896515,0.8366834170854272,6.9780453257790365,1.0456389452332657,29307.216960906982
314500,0.7748,0.7678226804733277,0.8282613065326633,6.72524199553239,0.7076064200976971,29354.338573217392
315000,0.8257,0.7686079885959626,0.8339497487437186,7.775868372943327,1.2613111726685133,29401.48371529579
315500,0.8135,0.789573490023613,0.836,6.7066085693536674,1.095505617977528,29448.666888713837
316000,0.8093,0.7563620482683182,0.8302311557788945,6.749718574108818,0.7858208955223881,29495.545835971832
316500,0.8247,0.7792638319730759,0.8337688442211055,7.744576627011896,1.1730580137659783,29542.399089097977
317000,0.8209,0.7839785249829292,0.8348743718592965,6.584971910112359,1.0531400966183575,29589.58566212654
317500,0.825,0.7325572582483292,0.831678391959799,7.722861842105263,0.8634020618556701,29636.704866170883
318000,0.7365,0.786416430234909,0.8345125628140704,7.242296918767507,1.1309192200557103,29683.908648490906
318500,0.8046,0.7543705699443817,0.8317185929648241,6.905027932960894,0.8883534136546185,29730.683666467667
319000,0.8182,0.7813896443843842,0.8378693467336683,8.161325564457393,1.3069207622868606,29777.527625083923
319500,0.8127,0.7946469490528106,0.8394572864321608,6.808002936857562,1.0813594232749744,29823.30681371689
320000,0.7974,0.7756871277093887,0.8367236180904523,7.3311688311688314,0.8723004694835681,29869.12014746666
320500,0.8119,0.7672110749483109,0.8327437185929648,7.245877061469265,0.8300429184549356,29915.296055316925
321000,0.8201,0.7569119653701782,0.8305125628140704,6.332968236582694,0.9065656565656566,29961.274616718292
321500,0.8115,0.76063558614254,0.8310150753768845,7.351530800442641,1.0203748981255094,30006.97955751419
322000,0.8022,0.7852756034135818,0.837608040201005,8.130857966834895,1.3584699453551912,30052.701492786407
322500,0.8222,0.7963482491970062,0.8407437185929648,7.423684210526316,1.1752808988764045,30099.958887815475
323000,0.8266,0.8000113978385925,0.8418291457286432,6.621580547112462,1.0598006644518272,30146.701565027237
323500,0.8257,0.7929006021022796,0.8423115577889447,7.690213392200147,1.0246913580246915,30193.690887212753
324000,0.8164,0.7720487344264985,0.8427939698492463,8.407524752475247,1.0251572327044025,30241.020836353302
324500,0.7775,0.7765458950996399,0.8412663316582915,6.9939186621056635,0.9272727272727272,30288.031475305557
325000,0.8159,0.7631664299964904,0.8378693467336683,7.145793681004949,0.8491071428571428,30334.840301275253
325500,0.7525,0.7655450825691223,0.8335477386934673,7.0460899131091805,0.8367501898253606,30382.366295337677
326000,0.8172,0.7507553087472916,0.8334070351758794,7.9857357357357355,0.9939341421143848,30429.347103357315
326500,0.8124,0.7677784428596497,0.832824120603015,6.459180035650624,0.975107296137339,30476.279587507248
327000,0.822,0.790853930592537,0.8378291457286432,7.362577107607951,1.2450787401574803,30523.195717811584
327500,0.7931,0.7616169171333314,0.8326633165829146,7.287529785544082,0.8,30570.461226463318
328000,0.8344,0.7903263335227966,0.8419698492462312,7.80682253737064,1.5667074663402694,30617.61840081215
328500,0.7906,0.78289532828331,0.8397788944723618,7.259702575262967,0.8974600188146754,30664.829845905304
329000,0.7714,0.7675377773046493,0.8351557788944723,6.634854771784233,0.8106995884773662,30711.72739815712
329500,0.8067,0.7662475987672805,0.83443216080402,8.106941838649156,0.9701986754966887,30758.6988966465
330000,0.8075,0.7767699222564697,0.8358391959798995,7.035259905488913,1.063006300630063,30805.59677195549
330500,0.8315,0.7788596107959748,0.8371457286432161,7.534156696256272,1.0602409638554218,30853.046116113663
331000,0.8162,0.7997053906917572,0.8443015075376884,7.318081991215227,1.4218009478672986,30899.931015968323
331500,0.8224,0.7818405377864838,0.8408040201005025,7.613489958317545,0.8433843384338434,30946.8091776371
332000,0.8186,0.7952325823307037,0.8418492462311558,7.279385494819579,1.0573951434878588,30993.920172452927
332500,0.8178,0.7893015758991242,0.8406030150753769,7.023300229182582,0.9384309831181727,31041.585269212723
333000,0.799,0.7654931342601776,0.836824120603015,7.600302228938421,0.8376511226252159,31088.829313755035
333500,0.7943,0.7782171595096589,0.8324020100502513,6.382226980728052,0.8307692307692308,31135.96886086464
334000,0.8032,0.7797991411685944,0.8396381909547739,8.52621722846442,1.3858520900321543,31182.01095724106
334500,0.8237,0.7852898062467575,0.8385125628140704,6.681279195113187,0.9424460431654677,31227.655141592026
335000,0.8133,0.7656980854272842,0.8312361809045226,6.81595744680851,0.720679012345679,31273.585968017578
335500,0.7982,0.760713101029396,0.8305527638190955,7.214344262295082,0.9717138103161398,31319.334481477737
336000,0.8177,0.7755613172054291,0.8311758793969849,7.393834430204365,1.0272407732864675,31365.076650619507
336500,0.8192,0.7835178914070129,0.8372663316582915,7.375229021619641,1.3377926421404682,31411.065750598907
337000,0.8316,0.7975389952659607,0.8400603015075377,7.397020484171322,1.1524122807017543,31457.130630016327
337500,0.7954,0.771704172372818,0.8359798994974874,6.661865049279758,0.8257510729613734,31503.074914455414
338000,0.8238,0.7670966248512268,0.8376884422110553,7.903306078919303,1.0811843361986628,31548.944296598434
338500,0.8184,0.7933445949554443,0.8415879396984924,7.230627983841352,1.219954648526077,31594.978617668152
339000,0.8189,0.7893397262096405,0.8404020100502513,7.055145631067961,0.942156862745098,31640.555521011353
339500,0.8121,0.7601652134656907,0.8383316582914573,7.44452858765619,0.9090106007067138,31686.43479371071
340000,0.8063,0.7745726795196534,0.8352964824120603,7.204344624447717,0.8686956521739131,31732.62443780899
340500,0.8191,0.7808863970041275,0.835356783919598,7.960120391271633,1.0027124773960217,31778.924566745758
341000,0.8113,0.7795799863338471,0.8370251256281407,7.005210271678452,1.0773532152842498,31824.868228197098
341500,0.7958,0.7869448390007019,0.838894472361809,7.2889634601044,1.0919881305637982,31870.478229522705
342000,0.8273,0.7944294166564941,0.8418492462311558,7.150200510390084,1.149390243902439,31916.387446403503
342500,0.8316,0.802366512298584,0.8439195979899498,7.896487294469357,1.112568306010929,31962.1441988945
343000,0.7559,0.7774436224699021,0.8377085427135679,6.72737819025522,0.7582159624413145,32008.40739631653
343500,0.8308,0.7699570146799087,0.8395376884422111,8.223436322532027,1.087248322147651,32054.66788649559
344000,0.8105,0.7644107478857041,0.8391356783919598,7.471896955503513,0.9801980198019802,32102.169706106186
344500,0.8198,0.774954173207283,0.8358994974874372,6.785239594263729,0.8619210977701544,32147.722041606903
345000,0.8215,0.7845669982433319,0.8405829145728643,7.72745253164557,1.2463002114164905,32193.667071819305
345500,0.8263,0.7968303908109665,0.843356783919598,7.54367524465386,1.1504907306434025,32239.40581560135
346000,0.8255,0.7975373724699021,0.845748743718593,7.55692422545726,1.1285097192224622,32285.20399737358
346500,0.823,0.7798466253280639,0.840643216080402,7.346586646661666,0.781223083548665,32331.37556743622
347000,0.8176,0.7515560394525528,0.83521608040201,7.500794912559618,0.7781429745275267,32377.43766260147
347500,0.8239,0.7816213829517364,0.8397989949748744,7.510770354143848,1.2350515463917526,32423.435955047607
348000,0.8068,0.7680941900014877,0.8380100502512563,7.527224934284641,0.9153187440532826,32469.191226005554
348500,0.8033,0.7828194334506988,0.8353366834170854,6.63328530259366,0.8793103448275862,32515.10620188713
349000,0.793,0.7838721911907196,0.836964824120603,7.403889304412864,1.0803571428571428,32560.92385172844
349500,0.8288,0.7912191905975342,0.8431356783919598,7.610828488372093,1.406084656084656,32606.647035837173
350000,0.7896,0.7707447594404221,0.8346331658291457,6.655252918287938,0.6656126482213439,32652.43034672737
350500,0.8116,0.7792492213249207,0.8362814070351758,7.342550985136536,1.0756457564575646,32698.62882041931
351000,0.825,0.7957411040067672,0.8416884422110553,7.70978886756238,1.3240963855421686,32744.487174987793
351500,0.8218,0.7940682162046433,0.8436984924623115,7.138062547673532,1.1175088131609872,32790.44270300865
352000,0.835,0.7831027108430862,0.8422713567839196,7.853180473372781,0.9302554027504911,32836.17094039917
352500,0.8208,0.7639022252559662,0.8354773869346733,6.944659442724459,0.7383900928792569,32881.99942493439
353000,0.8302,0.7794894827604294,0.841427135678392,8.210628394103956,1.310272536687631,32927.71325111389
353500,0.7791,0.781665212392807,0.8392562814070351,6.612976235382875,0.9017288444040037,32973.84555006027
354000,0.8263,0.7831128565073013,0.8407236180904523,7.662896753009851,1.0693257359924027,33019.660895347595
354500,0.8289,0.7890933787822724,0.8434572864321608,8.283763277693476,1.147027027027027,33065.38635110855
355000,0.8313,0.7946514142751694,0.8419899497487437,7.100428182172052,0.927,33111.05828475952
355500,0.8294,0.7611027113199234,0.8404623115577889,8.241338582677166,0.929368029739777,33156.74941587448
356000,0.8112,0.7937626144886016,0.8408442211055276,6.677383997077092,1.019367991845056,33202.52966451645
356500,0.752,0.7726733303070068,0.8342512562814071,6.911218424962853,0.7537537537537538,33248.50763964653
357000,0.8174,0.7734850170612335,0.840643216080402,8.152989231340513,1.346782988004362,33294.68453884125
357500,0.828,0.7985937840938568,0.8434773869346733,7.312157721796276,1.1512875536480687,33340.5806081295
358000,0.8009,0.7905958126783371,0.840140703517588,7.056354009077156,0.8484018264840183,33386.6182346344
358500,0.8229,0.7840710566043854,0.8403015075376884,7.412816691505216,1.00771456123433,33432.393507003784
359000,0.8178,0.7872601810693741,0.8405427135678392,6.917854463615904,1.011472275334608,33478.26742076874
359500,0.8135,0.7920905377864838,0.8422311557788945,7.558045554739162,1.0867768595041323,33524.41137838364
360000,0.7877,0.773771543264389,0.8383718592964824,7.172339663203153,0.8279569892473119,33570.305930137634
360500,0.8157,0.7778109096884728,0.8354572864321608,7.148769574944072,0.875,33616.3952665329
361000,0.8058,0.7783661056756973,0.8357386934673366,7.107857672349889,1.012785388127854,33662.46997308731
361500,0.809,0.7753320150375366,0.8358592964824121,7.51985294117647,1.0055350553505535,33708.26337432861
362000,0.8312,0.7806217893362045,0.8407638190954774,8.318740399385561,1.2860492379835873,33754.43894314766
362500,0.8004,0.7893064459562301,0.8402814070351758,6.629407351837959,0.9755849440488301,33800.41295456886
363000,0.8019,0.7903011698722839,0.8434170854271357,8.027661993179235,1.162162162162162,33846.28491020203
363500,0.8067,0.7716607472896576,0.84,7.345368916797488,0.8475336322869955,33892.224611997604
364000,0.8088,0.7846445140838623,0.8384120603015075,7.084230055658627,0.9276556776556777,33938.11919045448
364500,0.8193,0.79188436794281,0.8418090452261306,7.673880597014925,1.1686626746506985,33984.41747164726
365000,0.829,0.8006696759462356,0.8467336683417085,8.06181266590823,1.3058676654182273,34030.23737001419
365500,0.8213,0.7776031171083451,0.8454472361809046,7.800785854616896,0.9287305122494433,34076.23131990433
366000,0.8184,0.7871457315683364,0.8414673366834171,7.299267258002314,0.816836262719704,34121.86993551254
366500,0.8182,0.7696270639896393,0.8387738693467337,7.29916476841306,0.8832752613240418,34167.68395781517
367000,0.8222,0.7997001156806945,0.8444824120603015,7.781496803309515,1.3063646170442287,34214.174421310425
367500,0.8132,0.8047853419780732,0.8450452261306532,7.455263157894737,1.0274779195289498,34260.47511649132
368000,0.8306,0.7879359097480774,0.8463316582914573,7.992982456140351,1.0715883668903803,34306.483545303345
368500,0.8282,0.7965239790678025,0.8444020100502513,7.023494860499266,0.9063414634146342,34352.305514097214
369000,0.8061,0.775342159986496,0.8394572864321608,7.057165861513687,0.8044515103338633,34397.89249372482
369500,0.7998,0.8002074197530746,0.844824120603015,8.422247023809524,1.2963374028856827,34443.90479564667
370000,0.8087,0.7779282002449036,0.8417286432160804,6.74250576479631,0.8644366197183099,34489.62787938118
370500,0.8213,0.7851270627975464,0.8453869346733668,8.319433817903596,1.195069667738478,34535.648356199265
371000,0.8356,0.8106988980770111,0.8473165829145729,7.458454810495627,1.105263157894737,34581.346282720566
371500,0.821,0.7925738970041275,0.8450653266331658,7.427475057559478,0.8945386064030132,34627.27548575401
372000,0.8255,0.7643247085213661,0.8436381909547739,8.225083056478406,0.9275510204081633,34673.13628864288
372500,0.8161,0.791168865442276,0.8437185929648241,7.47045191193511,1.0040816326530613,34719.04579472542
373000,0.8238,0.7880081515312195,0.8441206030150754,7.457233368532207,1.0192307692307692,34764.95212364197
373500,0.8271,0.802511397242546,0.8476381909547739,8.143023255813954,1.2080856123662307,34810.801025390625
374000,0.805,0.7953291730880737,0.8427336683417086,6.635220125786163,0.7861524978089395,34857.0775706768
374500,0.8234,0.7939338816404342,0.8455075376884422,8.013824884792626,1.1378621378621379,34903.0197095871
375000,0.7988,0.7627394813299179,0.8428341708542714,8.033280507131538,0.8716216216216216,34948.953689813614
375500,0.8294,0.7796583113670349,0.8416482412060301,7.381554481219784,0.9416419386745796,34994.739491939545
376000,0.8056,0.7971485730409622,0.841608040201005,7.3633014001473835,0.9979550102249489,35040.52665925026
376500,0.811,0.7820544168949127,0.8390753768844221,7.125741839762611,0.8811320754716981,35086.118471860886
377000,0.8024,0.7927650504112244,0.8429949748743718,7.664720904779277,1.2103559870550162,35132.096564769745
377500,0.808,0.7993843690156937,0.844824120603015,7.189075630252101,1.099671412924425,35177.78888654709
378000,0.8218,0.7740714628696441,0.8410452261306532,7.64922480620155,0.8368055555555556,35223.75274729729
378500,0.8041,0.8015893211364746,0.8448643216080401,7.392442947998504,1.1993704092339978,35269.677772045135
379000,0.8237,0.7912991425991058,0.842211055276382,7.105243304413429,0.8773234200743495,35315.57493805885
379500,0.8102,0.7836834757328034,0.8405628140703517,7.646326776395022,0.9285714285714286,35361.570519685745
380000,0.8236,0.7969651325941086,0.8431758793969849,7.912135397911415,1.1344364012409514,35407.4191904068
380500,0.82,0.8051469490528107,0.8452663316582915,7.268113276940052,1.106448311156602,35453.44499230385
381000,0.8221,0.7789817707538604,0.8419497487437186,7.0230263157894735,0.8650858544562551,35499.164861917496
381500,0.8227,0.7747317699193954,0.8421507537688442,8.882982791586999,1.0095147478591817,35545.371597766876
382000,0.8295,0.8095937833786011,0.8469949748743718,7.375538020086084,1.3016270337922402,35591.02447724342
382500,0.7722,0.8012342057228088,0.8466130653266332,7.416925465838509,0.9782110091743119,35637.244262456894
383000,0.8302,0.7697764118909836,0.845286432160804,8.5,0.9350393700787402,35682.833923339844
383500,0.8165,0.7956161042451858,0.8478793969849246,7.72234762979684,1.1369426751592357,35730.78190922737
384000,0.7982,0.7662045791149139,0.8396180904522613,7.3449817147501015,0.6811481768813034,35776.74880385399
384500,0.8261,0.7672179713249206,0.8418693467336683,8.112884834663626,1.1064638783269962,35822.74235749245
385000,0.8268,0.7918356671333313,0.8437587939698492,7.127773527161438,1.0962128966223132,35868.675350904465
385500,0.829,0.7854854235649109,0.8415879396984924,7.919460641399417,0.8977272727272727,35914.388451337814
386000,0.8185,0.7880235730409623,0.8425125628140704,7.077730275942479,1.0453201970443349,35960.35458564758
386500,0.8288,0.799338914513588,0.8428542713567839,7.29608938547486,1.0161290322580645,36005.98488473892
387000,0.8226,0.7945349351167679,0.8472361809045226,8.18003838771593,1.2488584474885844,36052.309705257416
387500,0.8255,0.7961802283525466,0.8465929648241206,7.583799925345278,0.9660297239915074,36098.07555651665
388000,0.7813,0.801201333642006,0.8469748743718593,7.177239523260284,1.0201912858661,36143.786106824875
388500,0.8382,0.7889631016254425,0.8472763819095478,7.997274143302181,1.0158227848101267,36190.68429327011
389000,0.8273,0.7932419173717499,0.847356783919598,7.955394586351506,1.0044296788482836,36236.77189707756
389500,0.8212,0.8048616404533386,0.8485628140703517,7.450807071483474,1.0650054171180932,36282.443335056305
390000,0.8077,0.7876522262096405,0.8450050251256281,7.613951789627465,0.8307839388145315,36328.65846514702
390500,0.8316,0.807696462571621,0.848824120603015,8.115339805825244,1.2375,36374.56047487259
391000,0.809,0.7896757645606994,0.8462713567839196,6.954887218045113,0.8702757916241062,36420.59742093086
391500,0.8181,0.7897825016975403,0.8453668341708542,7.704970178926441,0.9564375605033882,36466.272742033005
392000,0.8121,0.789781689286232,0.8434773869346733,7.6523076923076925,0.9124767225325885,36512.45745944977
392500,0.7996,0.7908454077243805,0.838894472361809,6.989754848152214,0.8266159695817491,36558.35772037506
393000,0.8281,0.8026583143472672,0.843819095477387,7.937885942608064,1.2342256214149139,36604.27172040939
393500,0.8211,0.7915434592962265,0.8436381909547739,7.539907904834996,0.9910891089108911,36650.15160346031
394000,0.8292,0.8039111548662186,0.8492663316582915,8.093601895734597,1.3297997644287396,36696.23397707939
394500,0.8349,0.8110812034606933,0.8505527638190955,7.6499244712990935,1.0759193357058126,36741.86819458008
395000,0.8301,0.7954760905504227,0.8480804020100503,7.773431448489543,0.8694267515923567,36787.87540912628
395500,0.7896,0.7995836378932,0.8474170854271357,7.690888119953864,0.9641693811074918,36833.66559839249
396000,0.8273,0.8042419177293777,0.8473768844221106,7.2072538860103625,0.9980059820538385,36879.40023589134
396500,0.8321,0.8029075012207031,0.8480402010050251,7.801065043742868,1.033811475409836,36925.14097428322
397000,0.8177,0.7991506036520004,0.8460502512562814,7.163643533123029,0.9024630541871921,36971.020334243774
397500,0.7855,0.7763876157999039,0.84321608040201,8.106907894736842,0.8759894459102903,37017.07669496536
398000,0.8269,0.778114481806755,0.8434974874371859,7.496636771300448,1.013170272812794,37062.836691856384
398500,0.7278,0.7916684594154358,0.8442010050251256,7.773836765827612,1.0336215177713737,37108.79182624817
399000,0.8118,0.7790044974088669,0.8415879396984924,7.735272184936615,0.8845470692717584,37154.776272535324
399500,0.8186,0.8028997901678085,0.8454673366834171,7.41116559788759,1.2084233261339092,37200.640390872955
400000,0.8271,0.7994842051267624,0.8477989949748743,8.23360655737705,1.1135029354207437,37246.594296216965
400500,0.8354,0.8046546612977982,0.8483417085427135,7.520673813169985,1.028066528066528,37292.939903736115
401000,0.8088,0.7966635887622833,0.8492261306532664,8.345169912180221,1.0486187845303867,37338.663945913315
401500,0.8161,0.7759286048412323,0.8445628140703517,6.510305028854081,0.7945084145261293,37384.67115998268
402000,0.7999,0.7712934588193894,0.838894472361809,8.515282131661442,0.7837423312883436,37430.881568193436
402500,0.831,0.802907097697258,0.8466733668341708,8.011020263064344,1.4892541087231352,37476.70201706886
403000,0.8282,0.804318215727806,0.8490653266331658,7.607033639143731,1.1481942714819426,37522.72950553894
403500,0.8282,0.7893807168006897,0.8454472361809046,7.153000845308537,0.8345588235294118,37568.656254053116
404000,0.8003,0.7726717054843902,0.8426934673366834,8.235109717868339,0.8791887125220459,37615.125984191895
404500,0.802,0.7827634263038635,0.8385326633165829,7.185226846644169,0.8375196232339089,37660.91555309296
405000,0.8114,0.7936684589385986,0.8493869346733668,8.79142070051161,1.6699751861042185,37707.161123752594
405500,0.8327,0.7980958129167557,0.8467738693467337,7.091743119266055,0.8805147058823529,37753.31315231323
406000,0.8113,0.8109992223978043,0.850070351758794,7.844281298299846,1.1961722488038278,37799.321590423584
406500,0.8017,0.7938084757328033,0.843819095477387,6.957078313253012,0.7425496688741722,37845.141718387604
407000,0.8347,0.793718783378601,0.8493869346733668,8.338595106550908,1.3084632516703787,37891.04400706291
407500,0.8291,0.7750970314741135,0.8442613065326633,7.57002457002457,0.7641073080481036,37936.99564361572
408000,0.8294,0.7902800664901733,0.8460904522613065,8.224431818181818,1.091919191919192,37982.807213783264
408500,0.8341,0.7868433789014816,0.8442010050251256,7.500891901534071,0.9103908484270734,38028.974464178085
409000,0.8163,0.7990909425020218,0.845748743718593,7.695913010873641,1.0854605993340734,38074.9298145771
409500,0.8325,0.8059269833564758,0.8487437185929648,7.490580256217031,1.1771700356718193,38121.12866020203
410000,0.8323,0.8161615606546402,0.8479195979899498,6.919838945827233,0.9577754891864058,38166.99311327934
410500,0.7652,0.800354335308075,0.8465929648241206,7.835760517799352,0.935546875,38213.161484479904
411000,0.8293,0.7960759267807007,0.8472361809045226,7.7303328290468984,1.0338983050847457,38258.82833504677
411500,0.7824,0.8106639957427979,0.8485628140703517,7.845946984248943,1.0756013745704467,38304.636086940765
412000,0.8161,0.7766696776151657,0.8410452261306532,6.909711075441413,0.6936936936936937,38351.20762348175
412500,0.8085,0.7826615601778031,0.8407638190954774,7.852952098031935,0.9875666074600356,38397.24387168884
413000,0.8029,0.7794533616304398,0.8414472361809046,7.373638753285768,1.0329776915615907,38443.28566789627
413500,0.8232,0.7841668365001678,0.842391959798995,7.832430480317805,1.046766169154229,38489.152019262314
414000,0.8249,0.8056562848091126,0.8472964824120603,7.999620924943139,1.2897862232779098,38535.27221775055
414500,0.8318,0.8025235732793808,0.8486231155778895,7.662251655629139,1.0755148741418765,38581.043179512024
415000,0.8177,0.7829253576993942,0.8445427135678392,7.242118537200504,0.8198757763975155,38626.78201961517
415500,0.8191,0.8061972740888596,0.8459497487437186,7.741528478731074,1.069790628115653,38672.682718515396
416000,0.8219,0.8058932976722717,0.8505125628140704,8.287284144427002,1.2734939759036144,38718.41428852081
416500,0.8288,0.7952191907167435,0.8479195979899498,7.6017316017316015,0.8691683569979716,38764.06104803085
417000,0.8026,0.8145868858098984,0.8496482412060301,7.681435371658733,1.099078341013825,38809.87426781654
417500,0.8244,0.7956246279478073,0.8497286432160804,8.0,1.0044101433296582,38855.98171257973
418000,0.843,0.7826055551767349,0.848,7.722536806342016,0.913913913913914,38901.735956668854
418500,0.8183,0.8052374534606933,0.8456683417085427,6.940217391304348,0.8879227053140096,38947.6049990654
419000,0.823,0.8103190273046493,0.8507537688442212,8.603825136612022,1.3281452658884565,38994.17395043373
419500,0.8326,0.8080000347495079,0.8504924623115578,7.62729044834308,0.9847238542890717,39040.0042822361
420000,0.8223,0.7869764950275421,0.8478793969849246,7.335460710011967,0.8703888334995015,39085.65942335129
420500,0.7851,0.7976668356657028,0.8458693467336683,7.580525731210662,0.9089253187613844,39131.646498441696
421000,0.8159,0.7730187023878098,0.8425125628140704,7.994828957836118,0.8602510460251046,39177.61983585358
421500,0.8273,0.8027682975530624,0.8483618090452262,7.833333333333333,1.321546961325967,39223.262687921524
422000,0.8382,0.8026948399543762,0.8545929648241206,8.924717691342535,1.3490990990990992,39269.36553478241
422500,0.834,0.8118908631801606,0.857145728643216,7.989987484355444,1.1417410714285714,39315.64635062218
423000,0.8338,0.8000450835227967,0.8516180904522613,8.283945522080066,0.7639484978540773,39363.41805076599
423500,0.8222,0.797323492050171,0.848824120603015,7.633748055987558,0.8653100775193798,39409.031549692154
424000,0.8361,0.783308881521225,0.845286432160804,7.366294728741824,0.8410117434507678,39454.98808312416
424500,0.8181,0.800069027543068,0.8484020100502513,8.427055702917771,1.173572228443449,39500.77025294304
425000,0.8337,0.7972934601306916,0.8458090452261307,7.511781727986771,0.8828337874659401,39546.36804270744
425500,0.7304,0.7860223546028137,0.8441005025125629,7.987351475661173,0.9238351254480287,39592.27733659744
426000,0.8312,0.7897520631551742,0.8454472361809046,7.642349420127198,1.0712765957446808,39638.11986899376
426500,0.7532,0.8134139961004258,0.8492060301507538,7.4744338933528125,1.230295566502463,39684.173770427704
427000,0.8352,0.8129744665622711,0.8530050251256281,8.005811700891128,1.2350746268656716,39729.80047702789
427500,0.8137,0.7724971933364868,0.8436381909547739,7.046691027202598,0.6139188069594035,39775.907504320145
428000,0.8264,0.7915442724227906,0.8460301507537689,8.030197444831591,1.1256599788806758,39821.83542084694
428500,0.8312,0.78308891415596,0.8417688442211055,7.181683899556869,0.8164502164502164,39867.49135684967
429000,0.8181,0.7620994656085968,0.8393165829145729,7.6976648914379355,0.897133220910624,39913.47390317917
429500,0.8351,0.805631933927536,0.8514572864321608,8.818840579710145,1.8319559228650137,39958.91150999069
430000,0.8302,0.8146903740167618,0.852462311557789,7.76602086438152,1.0630517023959647,40005.12244415283
430500,0.8085,0.7925170798301697,0.847537688442211,6.864251592356688,0.765774378585086,40052.102903842926
431000,0.806,0.7912025512456894,0.846391959798995,8.254361054766735,0.9418367346938775,40098.26563334465
431500,0.8355,0.7843429739475251,0.8446633165829146,8.09236031927024,0.9223125564588979,40144.014963150024
432000,0.8047,0.8088486548662186,0.8517386934673367,7.467829457364341,1.3651452282157677,40189.68320155144
432500,0.8248,0.7928145629167557,0.8464321608040201,7.835694050991502,0.7889688249400479,40235.43638801575
433000,0.7759,0.800917648434639,0.8473768844221106,8.252248875562218,1.046812749003984,40281.05446910858
433500,0.8216,0.7958145620822906,0.8480402010050251,7.365921787709497,1.0343035343035343,40326.52359652519
434000,0.7793,0.8064497099518776,0.8526030150753768,8.735658914728683,1.2895408163265305,40372.497673749924
434500,0.8149,0.790294271826744,0.8477989949748743,7.4049180327868855,0.7827272727272727,40418.894629478455
435000,0.843,0.8012934589385986,0.852140703517588,8.492088607594937,1.2477064220183487,40464.644787073135
435500,0.8088,0.8117163482904434,0.8516582914572864,7.0524148259079,0.973124300111982,40510.4795088768
436000,0.8345,0.821812940120697,0.8548341708542714,8.079511834319527,1.2081686429512517,40556.10131525993
436500,0.8341,0.7908153747320175,0.8512562814070351,7.8917568692756035,0.8227091633466136,40601.854358673096
437000,0.8416,0.8248693517446518,0.8574673366834171,8.320306513409962,1.4291666666666667,40647.29775285721
437500,0.8239,0.8105872908830642,0.8548743718592965,7.374370886566009,0.858397365532382,40693.269815444946
438000,0.846,0.7963238981962204,0.8551557788944724,9.044833475661827,1.0162790697674418,40739.146466732025
438500,0.7582,0.787045893907547,0.8486030150753768,7.359154929577465,0.7187230371009491,40784.74688124657
439000,0.8343,0.7990905380249024,0.8505728643216081,8.22530261616556,1.104589114194237,40830.21671009064
439500,0.7977,0.8036100188493729,0.8486231155778895,7.453990072546773,0.9001029866117405,40876.03690481186
440000,0.8381,0.8059042547941208,0.8533266331658291,8.376305220883534,1.2885326757090012,40921.715569257736
440500,0.8291,0.7899383453130722,0.8498090452261307,8.327972915785018,0.8314065510597303,40967.59000182152
441000,0.8296,0.8029245462417602,0.8513366834170855,7.640483383685801,1.087557603686636,41013.304869413376
441500,0.8331,0.8133324216604233,0.854894472361809,7.8287183544303796,1.2163814180929096,41059.21644115448
442000,0.816,0.8037374550104142,0.852824120603015,7.768721555647497,0.8907741251325557,41104.840082407
442500,0.8333,0.8048786861896515,0.8519597989949749,8.40272373540856,0.9565217391304348,41150.50112891197
443000,0.8329,0.8075929727554322,0.8549949748743718,8.88620258441017,1.1817087845968712,41196.74958348274
443500,0.8348,0.8121993045806885,0.8544924623115578,7.3010670731707314,0.9734888653234358,41242.249151945114
444000,0.8358,0.8135714622139931,0.8539497487437185,8.458865814696486,0.9702643171806168,41287.82594418526
444500,0.8341,0.8054148056507111,0.852643216080402,7.89987740089906,0.9301075268817204,41334.27890372276
445000,0.7432,0.7895446771383285,0.8490653266331658,7.56262117099651,0.8365472910927456,41380.03253173828
445500,0.8429,0.7951688641309738,0.8522010050251256,8.612350597609561,1.1770715096481272,41425.56194615364
446000,0.8317,0.7964468672275543,0.8498090452261307,8.037286790955969,0.8693743139407245,41471.386441230774
446500,0.8331,0.8098628571033478,0.849286432160804,6.962264150943396,0.9720129171151776,41517.18993616104
447000,0.6966,0.8037756024599075,0.846391959798995,7.993920972644377,0.8651685393258427,41562.95138502121
447500,0.8116,0.7862277128696442,0.844643216080402,7.465836012861736,0.9236842105263158,41608.28343844414
448000,0.7835,0.813691999077797,0.8514371859296482,8.640570767450829,1.3806306306306306,41654.0658018589
448500,0.8164,0.7641855051517487,0.846391959798995,7.9764910753156295,0.7813588850174216,41699.90343618393
449000,0.8388,0.7883255199193955,0.8477989949748743,8.410609037328094,1.0724637681159421,41745.63412976265
449500,0.83,0.8065836375951767,0.8510552763819096,8.046511627906977,1.1872832369942197,41791.615090847015
450000,0.8364,0.8111055536270142,0.8539698492462312,7.870109546165884,1.1835443037974684,41837.05495786667
450500,0.8312,0.7859590433835983,0.8477386934673367,7.315768302493966,0.7161172161172161,41882.82601857185
451000,0.8313,0.8089687839746476,0.8505728643216081,7.904743237945904,1.1575418994413407,41928.51532077789
451500,0.8138,0.8081157002449035,0.8508743718592965,8.146322680015402,1.0162689804772234,41974.7626581192
452000,0.8327,0.8012143203020096,0.8514773869346733,8.256729610285255,1.0313807531380754,42020.32764816284
452500,0.8409,0.8278819334506988,0.8550954773869347,7.597688292319165,1.2244389027431422,42066.19299554825
453000,0.8359,0.820381122469902,0.8525427135678392,7.725938009787928,0.8602860286028603,42112.025695085526
453500,0.8086,0.817580796957016,0.8538693467336683,7.894042232277527,1.0785714285714285,42157.83478522301
454000,0.8274,0.8005710573196411,0.8504522613065326,7.973815461346633,0.8272357723577236,42203.170323610306
454500,0.8162,0.8185316913127899,0.8528442211055276,7.717164447643037,1.1398354876615746,42249.06705617905
455000,0.8365,0.8111846930980683,0.8508140703517588,8.081167532986806,0.8971486761710794,42294.80265831947
455500,0.8368,0.8205170804262161,0.853748743718593,8.017893452623017,1.1744324970131421,42340.41267108917
456000,0.8296,0.8060377762317658,0.8522211055276382,7.788530465949821,0.9177489177489178,42386.07735538483
456500,0.8355,0.8029525507688522,0.8516381909547739,8.112567463377024,0.9691489361702128,42431.75801730156
457000,0.8013,0.8050544177293777,0.8528844221105527,7.970660146699267,1.067027027027027,42477.42875432968
457500,0.8446,0.8095434594154358,0.8534472361809046,8.191203876257921,1.031111111111111,42522.85231590271
458000,0.827,0.8125674034357071,0.8518994974874372,8.111416241663397,0.9207003089598352,42568.81537222862
458500,0.8371,0.7971506017446518,0.8496482412060301,7.626878488621726,0.8972477064220183,42614.500296354294
459000,0.79,0.7908113162517547,0.8479597989949749,8.286356209150327,0.923006416131989,42660.07901144028
459500,0.8332,0.7956449217796325,0.8486231155778895,7.610130468150422,1.033639143730887,42705.55256867409
460000,0.8084,0.8111002769470215,0.849286432160804,8.113627489262006,1.0327056491575817,42751.47007417679
460500,0.8394,0.8025596935749054,0.8510753768844221,7.9378357636224095,1.0946808510638297,42797.18794441223
461000,0.8241,0.817471626162529,0.8541507537688442,7.629129129129129,1.1917293233082706,42843.023837804794
461500,0.8329,0.8151761714220047,0.854894472361809,7.818975784041286,1.0439429928741093,42889.011912584305
462000,0.8189,0.8260130218267441,0.8577688442211056,8.564807541241162,1.1940298507462686,42934.96983838081
462500,0.8157,0.8171039307117463,0.8551959798994975,7.382201032975765,0.8545454545454545,42983.15076518059
463000,0.8337,0.8118652945756912,0.8523417085427135,8.38675388389207,0.8592666005946482,43028.81977200508
463500,0.8222,0.7847549040317535,0.846572864321608,7.621367171510438,0.7632013201320133,43074.52754807472
464000,0.8422,0.8069383461475372,0.8540502512562814,8.53516933382955,1.4335664335664335,43120.184522390366
464500,0.8338,0.8136587193012238,0.853929648241206,7.854011887072808,0.9935828877005347,43165.88353610039
465000,0.8449,0.8154582314491272,0.856140703517588,8.317407561279602,1.1381909547738693,43211.90043640137
465500,0.839,0.8232703275680542,0.8572462311557789,7.841231267719724,1.070063694267516,43257.63903284073
466000,0.8387,0.8192163507938385,0.857145728643216,8.449725058915947,0.9938423645320197,43303.099058151245
466500,0.8061,0.765814563035965,0.8475577889447237,7.872312417727073,0.6378132118451025,43348.79111146927
467000,0.8361,0.8061408618688584,0.8518391959798995,8.539545810493344,1.2256355932203389,43394.20402789116
467500,0.7969,0.8275166751146317,0.8551758793969849,7.170392085012825,1.216710182767624,43439.79528093338
468000,0.8229,0.8066355882883072,0.850391959798995,7.780746561886051,0.7673509286412512,43485.383279562
468500,0.8093,0.8158535258769989,0.8548341708542714,7.927492447129909,1.2587822014051522,43531.05240607262
469000,0.8359,0.8103535242080688,0.8549346733668342,7.9506837961044345,1.0058479532163742,43576.555331707
469500,0.8267,0.8160118051767349,0.8554170854271357,8.508813160987074,1.0265486725663717,43621.92567276955
470000,0.8281,0.8084042564630508,0.8546532663316583,7.7875049741345,0.9584699453551913,43667.67022013664
470500,0.8209,0.8115548235177994,0.8531658291457287,8.114587737843552,0.9256281407035176,43713.3694152832
471000,0.8341,0.813088507771492,0.8533668341708542,7.657657657657658,1.0100908173562058,43758.903586149216
471500,0.8284,0.7940674039125443,0.8498090452261307,7.919951239333604,0.8395285584768812,43805.279552698135
472000,0.8071,0.8045763335227967,0.8515778894472362,8.434834595456357,1.09007164790174,43850.96930885315
472500,0.8397,0.7854521442651748,0.8504522613065326,8.092828685258963,0.9420289855072463,43896.96476626396
473000,0.8014,0.8151846947073936,0.851678391959799,7.0125276344878404,1.0676274944567627,43942.59115052223
473500,0.8368,0.8121424853801728,0.8529246231155779,8.53767660910518,1.071182548794489,43988.56375527382
474000,0.8476,0.8289529588222504,0.8580301507537689,8.467882632831087,1.3751846381093058,44034.165615320206
474500,0.8293,0.8187297410964965,0.8557989949748743,7.287837309346891,0.8766666666666667,44079.77629542351
475000,0.7809,0.8126648081541061,0.8544924623115578,8.449213769655758,0.9315789473684211,44125.799691438675
475500,0.837,0.7902691081762314,0.852824120603015,8.05173775671406,0.9154786150712831,44171.15550875664
476000,0.823,0.8069399698972702,0.8523819095477387,7.6943907156673115,0.9776649746192894,44216.700793504715
476500,0.8198,0.8219026319980621,0.8560603015075376,8.30429546366921,1.2130384167636787,44262.42694592476
477000,0.8413,0.8105073400735855,0.8515979899497488,7.764659270998415,0.7885714285714286,44308.21370053291
477500,0.8411,0.8152163491249085,0.8527236180904523,8.096235795454545,1.0673076923076923,44353.917308568954
478000,0.8377,0.8093778759241104,0.853608040201005,8.257809246147438,1.0526315789473684,44399.7357070446
478500,0.8262,0.8164882656335831,0.8518592964824121,7.501269495828799,0.9089005235602095,44445.59185886383
479000,0.8404,0.8242411073446274,0.856964824120603,8.21317983326717,1.3577464788732394,44491.32416296005
479500,0.8276,0.819055227637291,0.8566834170854272,8.037665562913908,0.9828641370869033,44536.95959854126
480000,0.8329,0.8173113172650337,0.8564221105527638,7.83905325443787,0.9851428571428571,44582.64831447601
480500,0.8345,0.8047902137041092,0.8562814070351759,8.798622366288493,0.9924650161463939,44628.44623208046
481000,0.8279,0.8057114777565002,0.8520402010050251,7.292890262751159,0.7931372549019607,44674.03793787956
481500,0.8447,0.8160430532693863,0.8563618090452262,8.529434105582984,1.2870493991989318,44719.78334927559
482000,0.8215,0.7977094495296478,0.8517989949748743,7.881229235880399,0.7725450901803608,44765.48689556122
482500,0.8145,0.8173234935998916,0.8533266331658291,7.57148332694519,1.0827886710239651,44811.32792401314
483000,0.8388,0.8113178112506867,0.854753768844221,8.290167865707435,1.0824622531939605,44856.90147423744
483500,0.8505,0.8366534450054168,0.8615276381909548,8.242703533026114,1.512158054711246,44902.66311955452
